Venda;Compra;Máximo;Mínimo;Variação(R$);Variação(%);Abertura;Data;
4.1044;4.1049;4.1190;4.0825;0.0030;0.073;0.0000;20/05/2019 00:00:00;
4.0998;4.1019;4.1072;4.0533;0.0653;1.618;0.0000;17/05/2019 00:00:00;
4.0361;4.0366;4.0390;3.9946;0.0404;1.011;0.0000;16/05/2019 00:00:00;
3.9958;3.9962;4.0196;3.9730;0.0204;0.513;0.0000;15/05/2019 00:00:00;
3.9754;3.9758;3.9896;3.9672;-0.0034;-0.085;0.0000;14/05/2019 00:00:00;
3.9774;3.9792;3.9967;3.9761;0.0349;0.885;0.0000;13/05/2019 00:00:00;
3.9436;3.9443;3.9694;3.9393;-0.0093;-0.235;0.0000;10/05/2019 00:00:00;
3.9526;3.9536;3.9756;3.9378;0.0204;0.519;0.0000;09/05/2019 00:00:00;
3.9324;3.9332;3.9904;3.9274;-0.0362;-0.912;0.0000;08/05/2019 00:00:00;
3.9684;3.9694;3.9965;3.9654;0.0114;0.288;0.0000;07/05/2019 00:00:00;
3.9574;3.9580;3.9728;3.9380;0.0188;0.477;0.0000;06/05/2019 00:00:00;
3.9385;3.9392;3.9680;3.9330;-0.0197;-0.498;0.0000;03/05/2019 00:00:00;
3.9584;3.9589;3.9704;3.9174;0.0362;0.923;0.0000;02/05/2019 00:00:00;
3.9219;3.9227;3.9559;3.9182;-0.0193;-0.490;0.0000;30/04/2019 00:00:00;
3.9402;3.9420;3.9413;3.9240;0.0103;0.262;0.0000;29/04/2019 00:00:00;
3.9308;3.9317;3.9658;3.9203;-0.0244;-0.617;0.0000;26/04/2019 00:00:00;
3.9549;3.9561;4.0029;3.9504;-0.0302;-0.758;0.0000;25/04/2019 00:00:00;
3.9856;3.9863;3.9927;3.9219;0.0639;1.629;0.0000;24/04/2019 00:00:00;
3.9217;3.9224;3.9613;3.9154;-0.0104;-0.264;0.0000;23/04/2019 00:00:00;
3.9321;3.9328;3.9343;3.9130;0.0030;0.076;0.0000;22/04/2019 00:00:00;
3.9288;3.9298;3.9470;3.9108;-0.0045;-0.114;0.0000;18/04/2019 00:00:00;
3.9333;3.9343;3.9412;3.8887;0.0325;0.833;0.0000;17/04/2019 00:00:00;
3.9000;3.9018;3.9029;3.8690;0.0330;0.853;0.0000;16/04/2019 00:00:00;
3.8665;3.8688;3.8868;3.8610;-0.0204;-0.525;0.0000;15/04/2019 00:00:00;
3.8872;3.8892;3.8992;3.8570;0.0322;0.835;0.0000;12/04/2019 00:00:00;
3.8550;3.8570;3.8602;3.8322;0.0330;0.863;0.0000;11/04/2019 00:00:00;
3.8232;3.8240;3.8444;3.8165;-0.0302;-0.784;0.0000;10/04/2019 00:00:00;
3.8535;3.8542;3.8613;3.8479;0.0051;0.132;0.0000;09/04/2019 00:00:00;
3.8484;3.8491;3.8738;3.8420;-0.0239;-0.617;0.0000;08/04/2019 00:00:00;
3.8710;3.8730;3.8710;3.8481;0.0155;0.402;0.0000;05/04/2019 00:00:00;
3.8567;3.8575;3.8849;3.8492;-0.0212;-0.547;0.0000;04/04/2019 00:00:00;
3.8774;3.8787;3.8774;3.8377;0.0218;0.565;0.0000;03/04/2019 00:00:00;
3.8551;3.8569;3.8765;3.8526;-0.0194;-0.500;0.0000;02/04/2019 00:00:00;
3.8738;3.8763;3.8785;3.8648;-0.0391;-0.999;0.0000;01/04/2019 00:00:00;
3.9147;3.9154;3.9172;3.8800;-0.0020;-0.051;0.0000;29/03/2019 00:00:00;
3.9167;3.9174;3.9934;3.9063;-0.0371;-0.938;0.0000;28/03/2019 00:00:00;
3.9531;3.9545;3.9597;3.9099;0.0879;2.273;0.0000;27/03/2019 00:00:00;
3.8659;3.8666;3.8778;3.8391;0.0094;0.244;0.0000;26/03/2019 00:00:00;
3.8562;3.8572;3.9229;3.8562;-0.0450;-1.153;0.0000;25/03/2019 00:00:00;
3.9008;3.9022;3.9033;3.8580;0.1021;2.687;0.0000;22/03/2019 00:00:00;
3.7978;3.8001;3.8340;3.7654;0.0340;0.903;0.0000;21/03/2019 00:00:00;
3.7651;3.7661;3.7956;3.7404;-0.0231;-0.610;0.0000;20/03/2019 00:00:00;
3.7885;3.7892;3.7906;3.7670;-0.0024;-0.063;0.0000;19/03/2019 00:00:00;
3.7903;3.7916;3.8257;3.7860;-0.0290;-0.759;0.0000;18/03/2019 00:00:00;
3.8200;3.8206;3.8680;3.8080;-0.0274;-0.712;0.0000;15/03/2019 00:00:00;
3.8472;3.8480;3.8499;3.8205;0.0347;0.910;0.0000;14/03/2019 00:00:00;
3.8126;3.8133;3.8331;3.8016;-0.0032;-0.084;0.0000;13/03/2019 00:00:00;
3.8158;3.8165;3.8410;3.8023;-0.0253;-0.659;0.0000;12/03/2019 00:00:00;
3.8398;3.8418;3.8674;3.8371;-0.0284;-0.734;0.0000;11/03/2019 00:00:00;
3.8696;3.8702;3.8899;3.8539;-0.0145;-0.373;0.0000;08/03/2019 00:00:00;
3.8840;3.8847;3.8970;3.8183;0.0489;1.275;0.0000;07/03/2019 00:00:00;
3.8351;3.8358;3.8351;3.8351;0.0555;1.468;0.0000;06/03/2019 00:00:00;
3.7796;3.7803;3.7909;3.7400;0.0272;0.725;0.0000;01/03/2019 00:00:00;
3.7524;3.7531;3.7530;3.7215;0.0227;0.609;0.0000;28/02/2019 00:00:00;
3.7295;3.7304;3.7444;3.7247;-0.0144;-0.385;0.0000;27/02/2019 00:00:00;
3.7441;3.7448;3.7631;3.7410;0.0014;0.037;0.0000;26/02/2019 00:00:00;
3.7426;3.7434;3.7465;3.7221;0.0022;0.059;0.0000;25/02/2019 00:00:00;
3.7407;3.7412;3.7606;3.7277;-0.0206;-0.548;0.0000;22/02/2019 00:00:00;
3.7611;3.7618;3.7684;3.7192;0.0338;0.907;0.0000;21/02/2019 00:00:00;
3.7273;3.7280;3.7321;3.6976;0.0124;0.334;0.0000;20/02/2019 00:00:00;
3.7149;3.7156;3.7387;3.7032;-0.0168;-0.450;0.0000;19/02/2019 00:00:00;
3.7301;3.7324;3.7393;3.7010;0.0287;0.775;0.0000;18/02/2019 00:00:00;
3.7019;3.7037;3.7240;3.7002;-0.0364;-0.973;0.0000;15/02/2019 00:00:00;
3.7395;3.7401;3.7938;3.7355;-0.0126;-0.336;0.0000;14/02/2019 00:00:00;
3.7504;3.7527;3.7556;3.7182;0.0390;1.050;0.0000;13/02/2019 00:00:00;
3.7120;3.7137;3.7434;3.7044;-0.0492;-1.308;0.0000;12/02/2019 00:00:00;
3.7609;3.7629;3.7735;3.7293;0.0289;0.774;0.0000;11/02/2019 00:00:00;
3.7315;3.7340;3.7436;3.7062;0.0232;0.625;0.0000;08/02/2019 00:00:00;
3.7101;3.7108;3.7273;3.7025;0.0043;0.116;0.0000;07/02/2019 00:00:00;
3.7040;3.7065;3.7133;3.6891;0.0401;1.094;0.0000;06/02/2019 00:00:00;
3.6656;3.6664;3.6825;3.6636;-0.0064;-0.174;0.0000;05/02/2019 00:00:00;
3.6721;3.6728;3.6846;3.6621;0.0106;0.289;0.0000;04/02/2019 00:00:00;
3.6604;3.6622;3.6770;3.6444;0.0034;0.093;0.0000;01/02/2019 00:00:00;
3.6570;3.6588;3.6771;3.6390;-0.0658;-1.767;0.0000;31/01/2019 00:00:00;
3.7239;3.7246;3.7312;3.7037;0.0021;0.056;0.0000;30/01/2019 00:00:00;
3.7207;3.7225;3.7596;3.7207;-0.0430;-1.142;0.0000;29/01/2019 00:00:00;
3.7635;3.7655;3.7799;3.7520;-0.0064;-0.170;0.0000;28/01/2019 00:00:00;
3.7709;3.7719;3.7904;3.7432;0.0086;0.229;0.0000;24/01/2019 00:00:00;
3.7622;3.7633;3.8088;3.7617;-0.0424;-1.114;0.0000;23/01/2019 00:00:00;
3.8037;3.8057;3.8037;3.7495;0.0470;1.250;0.0000;22/01/2019 00:00:00;
3.7578;3.7587;3.7769;3.7567;0.0028;0.075;0.0000;21/01/2019 00:00:00;
3.7549;3.7559;3.7687;3.7308;0.0084;0.224;0.0000;18/01/2019 00:00:00;
3.7465;3.7475;3.7699;3.7290;0.0133;0.356;0.0000;17/01/2019 00:00:00;
3.7335;3.7342;3.7339;3.7104;0.0089;0.239;0.0000;16/01/2019 00:00:00;
3.7247;3.7253;3.7250;3.6994;0.0262;0.708;0.0000;15/01/2019 00:00:00;
3.6982;3.6991;3.7309;3.6845;-0.0154;-0.415;0.0000;14/01/2019 00:00:00;
3.7139;3.7145;3.7244;3.6930;0.0054;0.146;0.0000;11/01/2019 00:00:00;
3.7079;3.7091;3.7178;3.6789;0.0213;0.578;0.0000;10/01/2019 00:00:00;
3.6868;3.6878;3.7072;3.6773;-0.0277;-0.746;0.0000;09/01/2019 00:00:00;
3.7147;3.7155;3.7337;3.7093;-0.0188;-0.503;0.0000;08/01/2019 00:00:00;
3.7323;3.7343;3.7349;3.6943;0.0196;0.528;0.0000;07/01/2019 00:00:00;
3.7136;3.7147;3.7784;3.7114;-0.0392;-1.044;0.0000;04/01/2019 00:00:00;
3.7533;3.7539;3.8060;3.7396;-0.0557;-1.462;0.0000;03/01/2019 00:00:00;
3.8091;3.8096;3.8858;3.8005;-0.0652;-1.683;0.0000;02/01/2019 00:00:00;
3.8742;3.8748;3.8742;3.8730;-0.0009;-0.023;0.0000;31/12/2018 00:00:00;
3.8750;3.8757;3.8930;3.8337;-0.0185;-0.475;0.0000;28/12/2018 00:00:00;
3.8937;3.8942;3.9408;3.8850;-0.0273;-0.696;0.0000;27/12/2018 00:00:00;
3.9190;3.9215;3.9349;3.8977;0.0250;0.642;0.0000;26/12/2018 00:00:00;
3.8940;3.8965;3.8940;3.8456;0.0444;1.153;0.0000;21/12/2018 00:00:00;
3.8501;3.8521;3.8715;3.8358;-0.0206;-0.532;0.0000;20/12/2018 00:00:00;
3.8712;3.8727;3.9012;3.8671;-0.0286;-0.733;0.0000;19/12/2018 00:00:00;
3.9007;3.9013;3.9134;3.8860;0.0068;0.175;0.0000;18/12/2018 00:00:00;
3.8925;3.8945;3.9257;3.8822;-0.0101;-0.259;0.0000;17/12/2018 00:00:00;
3.9026;3.9046;3.9178;3.8919;0.0244;0.629;0.0000;14/12/2018 00:00:00;
3.8798;3.8802;3.8922;3.8626;0.0278;0.722;0.0000;13/12/2018 00:00:00;
3.8512;3.8524;3.8987;3.8414;-0.0683;-1.742;0.0000;12/12/2018 00:00:00;
3.9196;3.9207;3.9200;3.8897;0.0020;0.051;0.0000;11/12/2018 00:00:00;
3.9167;3.9187;3.9437;3.8968;0.0285;0.733;0.0000;10/12/2018 00:00:00;
3.8896;3.8902;3.9208;3.8594;0.0151;0.390;0.0000;07/12/2018 00:00:00;
3.8731;3.8751;3.9406;3.8731;0.0069;0.178;0.0000;06/12/2018 00:00:00;
3.8677;3.8682;3.8812;3.8384;0.0090;0.233;0.0000;05/12/2018 00:00:00;
3.8580;3.8592;3.8638;3.8203;0.0169;0.440;0.0000;04/12/2018 00:00:00;
3.8418;3.8423;3.8418;3.8194;-0.0135;-0.350;0.0000;03/12/2018 00:00:00;
3.8548;3.8558;3.8873;3.8390;-0.0017;-0.044;0.0000;30/11/2018 00:00:00;
3.8569;3.8575;3.8673;3.8343;0.0167;0.435;0.0000;29/11/2018 00:00:00;
3.8401;3.8408;3.8819;3.8380;-0.0359;-0.926;0.0000;28/11/2018 00:00:00;
3.8747;3.8767;3.9203;3.8742;-0.0408;-1.041;0.0000;27/11/2018 00:00:00;
3.9155;3.9175;3.9155;3.8243;0.0953;2.493;0.0000;26/11/2018 00:00:00;
3.8218;3.8222;3.8287;3.7955;0.0155;0.407;0.0000;23/11/2018 00:00:00;
3.8051;3.8067;3.8224;3.7936;0.0173;0.457;0.0000;22/11/2018 00:00:00;
3.7887;3.7894;3.7970;3.7688;0.0249;0.661;0.0000;21/11/2018 00:00:00;
3.7620;3.7645;3.7686;3.7449;0.0246;0.658;0.0000;19/11/2018 00:00:00;
3.7379;3.7399;3.7797;3.7321;-0.0423;-1.118;0.0000;16/11/2018 00:00:00;
3.7818;3.7822;3.8150;3.7696;-0.0491;-1.282;0.0000;14/11/2018 00:00:00;
3.8293;3.8313;3.8293;3.7558;0.0746;1.986;0.0000;13/11/2018 00:00:00;
3.7557;3.7567;3.7592;3.7406;0.0206;0.551;0.0000;12/11/2018 00:00:00;
3.7354;3.7361;3.7674;3.7331;-0.0021;-0.056;0.0000;09/11/2018 00:00:00;
3.7378;3.7382;3.7613;3.7203;-0.0013;-0.035;0.0000;08/11/2018 00:00:00;
3.7383;3.7395;3.7801;3.7274;-0.0188;-0.500;0.0000;07/11/2018 00:00:00;
3.7572;3.7583;3.7648;3.7312;0.0310;0.832;0.0000;06/11/2018 00:00:00;
3.7253;3.7273;3.7253;3.6955;0.0330;0.893;0.0000;05/11/2018 00:00:00;
3.6934;3.6943;3.7101;3.6828;-0.0284;-0.763;0.0000;01/11/2018 00:00:00;
3.7207;3.7227;3.7388;3.6919;0.0321;0.870;0.0000;31/10/2018 00:00:00;
3.6898;3.6906;3.7303;3.6838;-0.0147;-0.397;0.0000;30/10/2018 00:00:00;
3.7041;3.7053;3.7156;3.5942;0.0507;1.387;0.0000;29/10/2018 00:00:00;
3.6521;3.6546;3.7169;3.6455;-0.0487;-1.315;0.0000;26/10/2018 00:00:00;
3.7026;3.7033;3.7260;3.6828;-0.0430;-1.148;0.0000;25/10/2018 00:00:00;
3.7448;3.7463;3.7448;3.6842;0.0493;1.334;0.0000;24/10/2018 00:00:00;
3.6945;3.6970;3.7196;3.6894;0.0098;0.266;0.0000;23/10/2018 00:00:00;
3.6868;3.6872;3.7167;3.6730;-0.0275;-0.740;0.0000;22/10/2018 00:00:00;
3.7124;3.7147;3.7210;3.6945;-0.0103;-0.277;0.0000;19/10/2018 00:00:00;
3.7234;3.7250;3.7234;3.6787;0.0428;1.162;0.0000;18/10/2018 00:00:00;
3.6810;3.6822;3.7338;3.6678;-0.0381;-1.024;0.0000;17/10/2018 00:00:00;
3.7181;3.7203;3.7285;3.6963;-0.0139;-0.372;0.0000;16/10/2018 00:00:00;
3.7335;3.7342;3.7545;3.7163;-0.0446;-1.180;0.0000;15/10/2018 00:00:00;
3.7780;3.7788;3.7791;3.7206;0.0153;0.407;0.0000;11/10/2018 00:00:00;
3.7620;3.7635;3.7620;3.7309;0.0528;1.423;0.0000;10/10/2018 00:00:00;
3.7103;3.7107;3.7721;3.7029;-0.0555;-1.474;0.0000;09/10/2018 00:00:00;
3.7658;3.7662;3.7765;3.7188;-0.0908;-2.354;0.0000;08/10/2018 00:00:00;
3.8561;3.8570;3.8925;3.8456;-0.0390;-1.001;0.0000;05/10/2018 00:00:00;
3.8949;3.8960;3.9319;3.8851;0.0084;0.216;0.0000;04/10/2018 00:00:00;
3.8869;3.8876;3.9184;3.8273;-0.0473;-1.202;0.0000;03/10/2018 00:00:00;
3.9339;3.9349;3.9924;3.9078;-0.0834;-2.076;0.0000;02/10/2018 00:00:00;
4.0176;4.0183;4.0588;4.0062;-0.0188;-0.466;0.0000;01/10/2018 00:00:00;
4.0361;4.0371;4.0450;3.9913;0.0428;1.072;0.0000;28/09/2018 00:00:00;
3.9935;3.9943;4.0525;3.9758;-0.0319;-0.792;0.0000;27/09/2018 00:00:00;
4.0242;4.0262;4.0912;4.0149;-0.0568;-1.391;0.0000;26/09/2018 00:00:00;
4.0813;4.0830;4.1378;4.0779;-0.0050;-0.122;0.0000;25/09/2018 00:00:00;
4.0863;4.0880;4.0933;4.0381;0.0403;0.996;0.0000;24/09/2018 00:00:00;
4.0460;4.0477;4.0904;4.0307;-0.0240;-0.589;0.0000;21/09/2018 00:00:00;
4.0711;4.0717;4.1196;4.0711;-0.0525;-1.273;0.0000;20/09/2018 00:00:00;
4.1236;4.1242;4.1663;4.1033;-0.0180;-0.435;0.0000;19/09/2018 00:00:00;
4.1411;4.1422;4.1483;4.1263;0.0170;0.412;0.0000;18/09/2018 00:00:00;
4.1245;4.1252;4.2016;4.1191;-0.0415;-0.996;0.0000;17/09/2018 00:00:00;
4.1662;4.1667;4.2046;4.1603;-0.0290;-0.691;0.0000;14/09/2018 00:00:00;
4.1951;4.1957;4.2002;4.1260;0.0502;1.211;0.0000;13/09/2018 00:00:00;
4.1444;4.1455;4.1480;4.1143;-0.0087;-0.209;0.0000;12/09/2018 00:00:00;
4.1532;4.1542;4.1766;4.1402;0.0607;1.483;0.0000;11/09/2018 00:00:00;
4.0925;4.0935;4.1223;4.0773;-0.0107;-0.261;0.0000;10/09/2018 00:00:00;
4.1038;4.1042;4.1604;4.1038;-0.0394;-0.951;0.0000;06/09/2018 00:00:00;
4.1426;4.1436;4.1782;4.1170;-0.0095;-0.229;0.0000;05/09/2018 00:00:00;
4.1525;4.1531;4.1826;4.1434;0.0011;0.026;0.0000;04/09/2018 00:00:00;
4.1495;4.1520;4.1499;4.1075;0.0796;1.955;0.0000;03/09/2018 00:00:00;
4.0714;4.0724;4.1765;4.0549;-0.0739;-1.782;0.0000;31/08/2018 00:00:00;
4.1443;4.1463;4.2055;4.1261;0.0320;0.778;0.0000;30/08/2018 00:00:00;
4.1137;4.1143;4.1565;4.1137;-0.0271;-0.654;0.0000;29/08/2018 00:00:00;
4.1399;4.1414;4.1439;4.0764;0.0602;1.475;0.0000;28/08/2018 00:00:00;
4.0797;4.0812;4.1037;4.0513;-0.0232;-0.565;0.0000;27/08/2018 00:00:00;
4.1036;4.1044;4.1230;4.0768;-0.0186;-0.451;0.0000;24/08/2018 00:00:00;
4.1210;4.1230;4.1237;4.0447;0.0671;1.654;0.0000;23/08/2018 00:00:00;
4.0548;4.0559;4.0874;4.0378;0.0187;0.463;0.0000;22/08/2018 00:00:00;
4.0368;4.0372;4.0368;3.9613;0.0795;2.009;0.0000;21/08/2018 00:00:00;
3.9570;3.9577;3.9686;3.9209;0.0430;1.098;0.0000;20/08/2018 00:00:00;
3.9133;3.9147;3.9514;3.9133;0.0095;0.243;0.0000;17/08/2018 00:00:00;
3.9048;3.9052;3.9255;3.8685;0.0045;0.115;0.0000;16/08/2018 00:00:00;
3.8992;3.9007;3.9253;3.8851;0.0338;0.874;0.0000;15/08/2018 00:00:00;
3.8657;3.8669;3.9002;3.8633;-0.0304;-0.780;0.0000;14/08/2018 00:00:00;
3.8959;3.8973;3.9243;3.8786;0.0333;0.862;0.0000;13/08/2018 00:00:00;
3.8625;3.8640;3.8716;3.8278;0.0606;1.593;0.0000;10/08/2018 00:00:00;
3.8019;3.8034;3.8175;3.7812;0.0376;0.998;0.0000;09/08/2018 00:00:00;
3.7651;3.7658;3.7696;3.7372;-0.0013;-0.035;0.0000;08/08/2018 00:00:00;
3.7664;3.7671;3.7674;3.7053;0.0364;0.976;0.0000;07/08/2018 00:00:00;
3.7300;3.7307;3.7300;3.7012;0.0236;0.637;0.0000;06/08/2018 00:00:00;
3.7062;3.7071;3.7473;3.7006;-0.0495;-1.318;0.0000;03/08/2018 00:00:00;
3.7559;3.7566;3.7791;3.7516;-0.0023;-0.061;0.0000;02/08/2018 00:00:00;
3.7574;3.7589;3.7650;3.7377;0.0041;0.109;0.0000;01/08/2018 00:00:00;
3.7528;3.7548;3.7621;3.7264;0.0248;0.665;0.0000;31/07/2018 00:00:00;
3.7294;3.7300;3.7294;3.7027;0.0121;0.325;0.0000;30/07/2018 00:00:00;
3.7164;3.7179;3.7407;3.7071;-0.0289;-0.771;0.0000;27/07/2018 00:00:00;
3.7461;3.7468;3.7461;3.7005;0.0446;1.205;0.0000;26/07/2018 00:00:00;
3.7007;3.7022;3.7272;3.6995;-0.0409;-1.093;0.0000;25/07/2018 00:00:00;
3.7424;3.7431;3.7753;3.7349;-0.0400;-1.057;0.0000;24/07/2018 00:00:00;
3.7824;3.7831;3.7991;3.7770;0.0092;0.244;0.0000;23/07/2018 00:00:00;
3.7727;3.7739;3.8031;3.7635;-0.0709;-1.844;0.0000;20/07/2018 00:00:00;
3.8441;3.8448;3.8897;3.8441;0.0033;0.086;0.0000;19/07/2018 00:00:00;
3.8400;3.8415;3.8588;3.8220;-0.0045;-0.117;0.0000;18/07/2018 00:00:00;
3.8445;3.8460;3.8769;3.8390;-0.0190;-0.492;0.0000;17/07/2018 00:00:00;
3.8630;3.8650;3.8704;3.8403;0.0142;0.369;0.0000;16/07/2018 00:00:00;
3.8496;3.8508;3.8883;3.8477;-0.0333;-0.857;0.0000;13/07/2018 00:00:00;
3.8826;3.8841;3.8985;3.8416;0.0030;0.077;0.0000;12/07/2018 00:00:00;
3.8800;3.8811;3.8804;3.8144;0.0836;2.201;0.0000;11/07/2018 00:00:00;
3.7960;3.7975;3.8803;3.7955;-0.0672;-1.739;0.0000;10/07/2018 00:00:00;
3.8636;3.8647;3.8675;3.8635;-0.0040;-0.103;0.0000;09/07/2018 00:00:00;
3.8677;3.8687;3.9477;3.8616;-0.0657;-1.670;0.0000;06/07/2018 00:00:00;
3.9335;3.9344;3.9384;3.8884;0.0214;0.547;0.0000;05/07/2018 00:00:00;
3.9110;3.9130;3.9170;3.8917;0.0176;0.452;0.0000;04/07/2018 00:00:00;
3.8944;3.8954;3.8997;3.8733;-0.0157;-0.401;0.0000;03/07/2018 00:00:00;
3.9103;3.9111;3.9171;3.8827;0.0338;0.872;0.0000;02/07/2018 00:00:00;
3.8758;3.8773;3.8759;3.8309;0.0216;0.560;0.0000;29/06/2018 00:00:00;
3.8547;3.8557;3.8682;3.8374;-0.0198;-0.511;0.0000;28/06/2018 00:00:00;
3.8739;3.8755;3.8744;3.7929;0.0775;2.041;0.0000;27/06/2018 00:00:00;
3.7960;3.7980;3.7982;3.7636;0.0201;0.532;0.0000;26/06/2018 00:00:00;
3.7769;3.7779;3.7854;3.7654;-0.0052;-0.137;0.0000;25/06/2018 00:00:00;
3.7819;3.7831;3.7824;3.7441;0.0198;0.526;0.0000;22/06/2018 00:00:00;
3.7616;3.7633;3.7986;3.7554;-0.0194;-0.513;0.0000;21/06/2018 00:00:00;
3.7816;3.7827;3.7830;3.7090;0.0384;1.026;0.0000;20/06/2018 00:00:00;
3.7437;3.7443;3.7730;3.7197;0.0043;0.115;0.0000;19/06/2018 00:00:00;
3.7390;3.7400;3.7631;3.7325;0.0100;0.268;0.0000;18/06/2018 00:00:00;
3.7277;3.7300;3.7985;3.7145;-0.0819;-2.149;0.0000;15/06/2018 00:00:00;
3.8112;3.8119;3.8112;3.6924;0.0982;2.644;0.0000;14/06/2018 00:00:00;
3.7130;3.7137;3.7299;3.6915;0.0062;0.167;0.0000;13/06/2018 00:00:00;
3.7069;3.7075;3.7263;3.6750;-0.0192;-0.515;0.0000;12/06/2018 00:00:00;
3.7255;3.7267;3.7263;3.6765;0.0202;0.545;0.0000;11/06/2018 00:00:00;
3.7059;3.7065;3.8478;3.7016;-0.2193;-5.586;0.0000;08/06/2018 00:00:00;
3.9229;3.9258;3.9556;3.8652;0.0874;2.277;0.0000;07/06/2018 00:00:00;
3.8377;3.8384;3.8377;3.8117;0.0284;0.745;0.0000;06/06/2018 00:00:00;
3.8094;3.8100;3.8099;3.7620;0.0666;1.779;0.0000;05/06/2018 00:00:00;
3.7419;3.7434;3.7515;3.7282;-0.0233;-0.619;0.0000;04/06/2018 00:00:00;
3.7660;3.7667;3.7662;3.7232;0.0300;0.803;0.0000;01/06/2018 00:00:00;
3.7352;3.7367;3.7603;3.6977;-0.0025;-0.067;0.0000;30/05/2018 00:00:00;
3.7379;3.7392;3.7579;3.7118;0.0106;0.284;0.0000;29/05/2018 00:00:00;
3.7271;3.7286;3.7369;3.6716;0.0603;1.644;0.0000;28/05/2018 00:00:00;
3.6676;3.6683;3.6751;3.6448;0.0200;0.548;0.0000;25/05/2018 00:00:00;
3.6474;3.6483;3.6549;3.6316;0.0232;0.640;0.0000;24/05/2018 00:00:00;
3.6238;3.6251;3.6713;3.6200;-0.0196;-0.538;0.0000;23/05/2018 00:00:00;
3.6440;3.6447;3.6602;3.6308;-0.0443;-1.201;0.0000;22/05/2018 00:00:00;
3.6883;3.6890;3.7210;3.6865;-0.0506;-1.353;0.0000;21/05/2018 00:00:00;
3.7389;3.7396;3.7583;3.7162;0.0384;1.038;0.0000;18/05/2018 00:00:00;
3.6996;3.7012;3.7086;3.6544;0.0228;0.620;0.0000;17/05/2018 00:00:00;
3.6777;3.6784;3.6892;3.6687;0.0176;0.481;0.0000;16/05/2018 00:00:00;
3.6602;3.6608;3.6916;3.6439;0.0327;0.901;0.0000;15/05/2018 00:00:00;
3.6274;3.6281;3.6362;3.5790;0.0273;0.758;0.0000;14/05/2018 00:00:00;
3.5999;3.6008;3.6073;3.5489;0.0541;1.525;0.0000;11/05/2018 00:00:00;
3.5461;3.5467;3.5792;3.5429;-0.0487;-1.355;0.0000;10/05/2018 00:00:00;
3.5940;3.5954;3.6079;3.5669;0.0265;0.743;0.0000;09/05/2018 00:00:00;
3.5682;3.5689;3.5882;3.5555;0.0161;0.453;0.0000;08/05/2018 00:00:00;
3.5521;3.5528;3.5558;3.5383;0.0288;0.817;0.0000;07/05/2018 00:00:00;
3.5227;3.5240;3.5444;3.5162;-0.0065;-0.184;0.0000;04/05/2018 00:00:00;
3.5290;3.5305;3.5658;3.5224;-0.0186;-0.524;0.0000;03/05/2018 00:00:00;
3.5478;3.5491;3.5518;3.5203;0.0456;1.302;0.0000;02/05/2018 00:00:00;
3.5029;3.5035;3.5061;3.4678;0.0414;1.196;0.0000;30/04/2018 00:00:00;
3.4614;3.4621;3.4742;3.4564;-0.0146;-0.420;0.0000;27/04/2018 00:00:00;
3.4760;3.4767;3.5051;3.4760;-0.0093;-0.267;0.0000;26/04/2018 00:00:00;
3.4840;3.4860;3.5110;3.4837;0.0167;0.481;0.0000;25/04/2018 00:00:00;
3.4685;3.4693;3.4757;3.4399;0.0165;0.478;0.0000;24/04/2018 00:00:00;
3.4520;3.4528;3.4520;3.4235;0.0411;1.205;0.0000;23/04/2018 00:00:00;
3.4108;3.4117;3.4147;3.3997;0.0202;0.596;0.0000;20/04/2018 00:00:00;
3.3908;3.3915;3.4064;3.3841;0.0114;0.337;0.0000;19/04/2018 00:00:00;
3.3794;3.3801;3.3976;3.3745;-0.0279;-0.819;0.0000;18/04/2018 00:00:00;
3.4073;3.4080;3.4150;3.3915;-0.0040;-0.117;0.0000;17/04/2018 00:00:00;
3.4114;3.4120;3.4333;3.4089;-0.0141;-0.412;0.0000;16/04/2018 00:00:00;
3.4254;3.4261;3.4295;3.4017;0.0181;0.531;0.0000;13/04/2018 00:00:00;
3.4066;3.4080;3.4075;3.3676;0.0214;0.632;0.0000;12/04/2018 00:00:00;
3.3852;3.3866;3.4201;3.3772;-0.0248;-0.727;0.0000;11/04/2018 00:00:00;
3.4106;3.4114;3.4326;3.4034;-0.0105;-0.307;0.0000;10/04/2018 00:00:00;
3.4208;3.4219;3.4208;3.3690;0.0538;1.597;0.0000;09/04/2018 00:00:00;
3.3674;3.3681;3.3763;3.3469;0.0261;0.781;0.0000;06/04/2018 00:00:00;
3.3413;3.3420;3.3449;3.3040;0.0012;0.036;0.0000;05/04/2018 00:00:00;
3.3401;3.3408;3.3606;3.3330;0.0027;0.081;0.0000;04/04/2018 00:00:00;
3.3374;3.3381;3.3398;3.3051;0.0254;0.767;0.0000;03/04/2018 00:00:00;
3.3116;3.3127;3.3222;3.2990;0.0126;0.382;0.0000;02/04/2018 00:00:00;
3.2994;3.3001;3.3269;3.2935;-0.0309;-0.928;0.0000;29/03/2018 00:00:00;
3.3300;3.3310;3.3431;3.3235;-0.0004;-0.012;0.0000;28/03/2018 00:00:00;
3.3299;3.3314;3.3347;3.3164;0.0278;0.842;0.0000;27/03/2018 00:00:00;
3.3025;3.3036;3.3097;3.2975;-0.0156;-0.470;0.0000;26/03/2018 00:00:00;
3.3170;3.3192;3.3170;3.2947;0.0093;0.281;0.0000;23/03/2018 00:00:00;
3.3089;3.3099;3.3089;3.2837;0.0414;1.267;0.0000;22/03/2018 00:00:00;
3.2676;3.2685;3.3064;3.2676;-0.0399;-1.206;0.0000;21/03/2018 00:00:00;
3.3069;3.3084;3.3089;3.2803;0.0239;0.728;0.0000;20/03/2018 00:00:00;
3.2825;3.2845;3.2947;3.2825;0.0056;0.171;0.0000;19/03/2018 00:00:00;
3.2781;3.2789;3.2939;3.2730;-0.0116;-0.353;0.0000;16/03/2018 00:00:00;
3.2898;3.2905;3.2939;3.2737;0.0295;0.905;0.0000;15/03/2018 00:00:00;
3.2602;3.2610;3.2661;3.2494;-0.0011;-0.034;0.0000;14/03/2018 00:00:00;
3.2612;3.2621;3.2640;3.2403;0.0041;0.126;0.0000;13/03/2018 00:00:00;
3.2555;3.2580;3.2643;3.2513;0.0066;0.203;0.0000;12/03/2018 00:00:00;
3.2505;3.2514;3.2652;3.2396;-0.0131;-0.401;0.0000;09/03/2018 00:00:00;
3.2615;3.2645;3.2645;3.2402;0.0204;0.629;0.0000;08/03/2018 00:00:00;
3.2429;3.2441;3.2475;3.2203;0.0336;1.047;0.0000;07/03/2018 00:00:00;
3.2097;3.2105;3.2295;3.2069;-0.0376;-1.158;0.0000;06/03/2018 00:00:00;
3.2474;3.2481;3.2626;3.2462;-0.0025;-0.077;0.0000;05/03/2018 00:00:00;
3.2493;3.2506;3.2637;3.2493;-0.0042;-0.129;0.0000;02/03/2018 00:00:00;
3.2541;3.2548;3.2681;3.2426;0.0120;0.370;0.0000;01/03/2018 00:00:00;
3.2421;3.2428;3.2491;3.2371;-0.0072;-0.222;0.0000;28/02/2018 00:00:00;
3.2475;3.2500;3.2527;3.2263;0.0174;0.538;0.0000;27/02/2018 00:00:00;
3.2319;3.2326;3.2421;3.2302;-0.0091;-0.281;0.0000;26/02/2018 00:00:00;
3.2405;3.2417;3.2463;3.2343;-0.0069;-0.212;0.0000;23/02/2018 00:00:00;
3.2479;3.2486;3.2697;3.2443;-0.0132;-0.405;0.0000;22/02/2018 00:00:00;
3.2605;3.2618;3.2605;3.2439;0.0063;0.194;0.0000;21/02/2018 00:00:00;
3.2546;3.2555;3.2546;3.2401;0.0205;0.634;0.0000;20/02/2018 00:00:00;
3.2330;3.2350;3.2359;3.2176;0.0137;0.425;0.0000;19/02/2018 00:00:00;
3.2204;3.2213;3.2434;3.2060;-0.0146;-0.451;0.0000;16/02/2018 00:00:00;
3.2346;3.2359;3.2402;3.2090;0.0085;0.263;0.0000;15/02/2018 00:00:00;
3.2261;3.2274;3.2790;3.2248;-0.0749;-2.268;0.0000;14/02/2018 00:00:00;
3.3017;3.3023;3.3164;3.2740;0.0212;0.646;0.0000;09/02/2018 00:00:00;
3.2803;3.2811;3.2984;3.2581;0.0041;0.125;0.0000;08/02/2018 00:00:00;
3.2757;3.2770;3.2773;3.2386;0.0309;0.952;0.0000;07/02/2018 00:00:00;
3.2446;3.2461;3.2757;3.2377;-0.0009;-0.028;0.0000;06/02/2018 00:00:00;
3.2455;3.2470;3.2471;3.2226;0.0325;1.011;0.0000;05/02/2018 00:00:00;
3.2137;3.2145;3.2217;3.1874;0.0455;1.436;0.0000;02/02/2018 00:00:00;
3.1683;3.1690;3.1911;3.1618;-0.0113;-0.355;0.0000;01/02/2018 00:00:00;
3.1793;3.1803;3.1866;3.1467;0.0004;0.013;0.0000;31/01/2018 00:00:00;
3.1787;3.1799;3.1921;3.1531;0.0134;0.423;0.0000;30/01/2018 00:00:00;
3.1650;3.1665;3.1704;3.1600;0.0263;0.838;0.0000;29/01/2018 00:00:00;
3.1394;3.1402;3.1524;3.1239;-0.0098;-0.311;0.0000;26/01/2018 00:00:00;
3.1470;3.1500;3.1470;3.1470;-0.0090;-0.285;0.0000;25/01/2018 00:00:00;
3.1581;3.1590;3.2271;3.1581;-0.0791;-2.443;0.0000;24/01/2018 00:00:00;
3.2374;3.2381;3.2426;3.2092;0.0289;0.901;0.0000;23/01/2018 00:00:00;
3.2085;3.2092;3.2091;3.1836;0.0079;0.247;0.0000;22/01/2018 00:00:00;
3.2006;3.2013;3.2126;3.1995;-0.0083;-0.259;0.0000;19/01/2018 00:00:00;
3.2089;3.2096;3.2212;3.2027;-0.0074;-0.230;0.0000;18/01/2018 00:00:00;
3.2157;3.2170;3.2366;3.2134;-0.0119;-0.369;0.0000;17/01/2018 00:00:00;
3.2282;3.2289;3.2358;3.2134;0.0187;0.583;0.0000;16/01/2018 00:00:00;
3.2096;3.2102;3.2105;3.1940;0.0040;0.125;0.0000;15/01/2018 00:00:00;
3.2049;3.2062;3.2279;3.2029;-0.0123;-0.382;0.0000;12/01/2018 00:00:00;
3.2178;3.2185;3.2350;3.2178;-0.0097;-0.300;0.0000;11/01/2018 00:00:00;
3.2275;3.2282;3.2515;3.2275;-0.0182;-0.561;0.0000;10/01/2018 00:00:00;
3.2457;3.2464;3.2524;3.2309;0.0101;0.312;0.0000;09/01/2018 00:00:00;
3.2356;3.2363;3.2444;3.2263;0.0027;0.083;0.0000;08/01/2018 00:00:00;
3.2323;3.2336;3.2474;3.2284;-0.0003;-0.009;0.0000;05/01/2018 00:00:00;
3.2332;3.2339;3.2398;3.2222;-0.0025;-0.077;0.0000;04/01/2018 00:00:00;
3.2349;3.2364;3.2638;3.2349;-0.0237;-0.727;0.0000;03/01/2018 00:00:00;
3.2588;3.2601;3.2892;3.2579;-0.0543;-1.638;0.0000;02/01/2018 00:00:00;
3.3133;3.3144;3.3150;3.2955;0.0025;0.075;0.0000;28/12/2017 00:00:00;
3.3109;3.3119;3.3160;3.2947;-0.0022;-0.066;0.0000;27/12/2017 00:00:00;
3.3127;3.3141;3.3310;3.3115;-0.0204;-0.612;0.0000;26/12/2017 00:00:00;
3.3336;3.3345;3.3336;3.3059;0.0255;0.771;0.0000;22/12/2017 00:00:00;
3.3083;3.3090;3.3130;3.2923;0.0145;0.440;0.0000;21/12/2017 00:00:00;
3.2937;3.2945;3.2982;3.2835;-0.0021;-0.064;0.0000;20/12/2017 00:00:00;
3.2959;3.2966;3.3054;3.2827;-0.0013;-0.039;0.0000;19/12/2017 00:00:00;
3.2964;3.2979;3.2990;3.2799;-0.0101;-0.305;0.0000;18/12/2017 00:00:00;
3.3073;3.3080;3.3305;3.3046;-0.0285;-0.854;0.0000;15/12/2017 00:00:00;
3.3358;3.3365;3.3447;3.3145;0.0206;0.621;0.0000;14/12/2017 00:00:00;
3.3149;3.3159;3.3176;3.2930;-0.0122;-0.367;0.0000;13/12/2017 00:00:00;
3.3274;3.3281;3.3312;3.2989;0.0307;0.931;0.0000;12/12/2017 00:00:00;
3.2959;3.2974;3.3010;3.2763;0.0027;0.082;0.0000;11/12/2017 00:00:00;
3.2940;3.2947;3.3071;3.2694;0.0082;0.250;0.0000;08/12/2017 00:00:00;
3.2855;3.2865;3.3147;3.2566;0.0560;1.733;0.0000;07/12/2017 00:00:00;
3.2298;3.2305;3.2441;3.2276;-0.0036;-0.111;0.0000;06/12/2017 00:00:00;
3.2334;3.2341;3.2418;3.2219;-0.0130;-0.400;0.0000;05/12/2017 00:00:00;
3.2464;3.2471;3.2609;3.2430;-0.0096;-0.295;0.0000;04/12/2017 00:00:00;
3.2552;3.2567;3.2790;3.2489;-0.0149;-0.455;0.0000;01/12/2017 00:00:00;
3.2708;3.2716;3.2845;3.2394;0.0315;0.972;0.0000;30/11/2017 00:00:00;
3.2394;3.2401;3.2472;3.2028;0.0314;0.979;0.0000;29/11/2017 00:00:00;
3.2072;3.2087;3.2254;3.2045;-0.0115;-0.357;0.0000;28/11/2017 00:00:00;
3.2194;3.2202;3.2304;3.2140;-0.0123;-0.381;0.0000;27/11/2017 00:00:00;
3.2315;3.2325;3.2337;3.2226;0.0099;0.307;0.0000;24/11/2017 00:00:00;
3.2220;3.2226;3.2407;3.2195;-0.0123;-0.380;0.0000;23/11/2017 00:00:00;
3.2338;3.2349;3.2629;3.2312;-0.0175;-0.538;0.0000;22/11/2017 00:00:00;
3.2517;3.2524;3.2637;3.2415;-0.0088;-0.270;0.0000;21/11/2017 00:00:00;
3.2606;3.2612;3.2861;3.2571;-0.0185;-0.564;0.0000;17/11/2017 00:00:00;
3.2791;3.2797;3.3067;3.2694;-0.0297;-0.897;0.0000;16/11/2017 00:00:00;
3.3088;3.3094;3.3090;3.2677;0.0108;0.327;0.0000;14/11/2017 00:00:00;
3.2973;3.2986;3.2973;3.2810;0.0181;0.552;0.0000;13/11/2017 00:00:00;
3.2785;3.2805;3.2809;3.2562;0.0206;0.632;0.0000;10/11/2017 00:00:00;
3.2589;3.2599;3.2639;3.2402;-0.0040;-0.123;0.0000;09/11/2017 00:00:00;
3.2632;3.2639;3.2676;3.2421;-0.0131;-0.400;0.0000;08/11/2017 00:00:00;
3.2763;3.2770;3.2828;3.2563;0.0180;0.552;0.0000;07/11/2017 00:00:00;
3.2580;3.2590;3.2970;3.2580;-0.0481;-1.454;0.0000;06/11/2017 00:00:00;
3.3061;3.3071;3.3314;3.2567;0.0431;1.320;0.0000;03/11/2017 00:00:00;
3.2633;3.2640;3.2878;3.2608;-0.0088;-0.269;0.0000;01/11/2017 00:00:00;
3.2718;3.2728;3.2886;3.2666;-0.0091;-0.277;0.0000;31/10/2017 00:00:00;
3.2813;3.2819;3.2840;3.2351;0.0381;1.175;0.0000;30/10/2017 00:00:00;
3.2430;3.2438;3.3007;3.2430;-0.0408;-1.242;0.0000;27/10/2017 00:00:00;
3.2840;3.2846;3.2840;3.2306;0.0395;1.217;0.0000;26/10/2017 00:00:00;
3.2444;3.2451;3.2554;3.2313;-0.0022;-0.068;0.0000;25/10/2017 00:00:00;
3.2467;3.2473;3.2620;3.2267;0.0162;0.501;0.0000;24/10/2017 00:00:00;
3.2305;3.2311;3.2325;3.1910;0.0413;1.295;0.0000;23/10/2017 00:00:00;
3.1889;3.1898;3.1914;3.1712;0.0138;0.435;0.0000;20/10/2017 00:00:00;
3.1747;3.1760;3.1777;3.1672;0.0109;0.344;0.0000;19/10/2017 00:00:00;
3.1644;3.1651;3.1785;3.1556;-0.0039;-0.123;0.0000;18/10/2017 00:00:00;
3.1680;3.1690;3.1803;3.1680;-0.0037;-0.117;0.0000;17/10/2017 00:00:00;
3.1717;3.1727;3.1719;3.1536;0.0236;0.749;0.0000;16/10/2017 00:00:00;
3.1484;3.1491;3.1786;3.1479;-0.0209;-0.659;0.0000;13/10/2017 00:00:00;
3.1690;3.1700;3.1711;3.1616;-0.0138;-0.433;0.0000;11/10/2017 00:00:00;
3.1833;3.1838;3.1833;3.1622;-0.0021;-0.066;0.0000;10/10/2017 00:00:00;
3.1852;3.1859;3.1869;3.1647;0.0273;0.864;0.0000;09/10/2017 00:00:00;
3.1573;3.1586;3.1738;3.1551;0.0062;0.197;0.0000;06/10/2017 00:00:00;
3.1514;3.1524;3.1550;3.1273;0.0210;0.671;0.0000;05/10/2017 00:00:00;
3.1307;3.1314;3.1393;3.1232;-0.0147;-0.467;0.0000;04/10/2017 00:00:00;
3.1454;3.1461;3.1636;3.1425;-0.0091;-0.288;0.0000;03/10/2017 00:00:00;
3.1545;3.1552;3.1705;3.1510;-0.0124;-0.391;0.0000;02/10/2017 00:00:00;
3.1669;3.1676;3.1865;3.1570;-0.0152;-0.478;0.0000;29/09/2017 00:00:00;
3.1823;3.1828;3.1962;3.1783;-0.0103;-0.323;0.0000;28/09/2017 00:00:00;
3.1924;3.1931;3.1962;3.1811;0.0265;0.837;0.0000;27/09/2017 00:00:00;
3.1656;3.1666;3.1718;3.1541;0.0092;0.291;0.0000;26/09/2017 00:00:00;
3.1567;3.1574;3.1586;3.1267;0.0298;0.953;0.0000;25/09/2017 00:00:00;
3.1269;3.1276;3.1354;3.1234;-0.0168;-0.534;0.0000;22/09/2017 00:00:00;
3.1437;3.1444;3.1455;3.1259;0.0150;0.479;0.0000;21/09/2017 00:00:00;
3.1289;3.1294;3.1367;3.1142;-0.0067;-0.214;0.0000;20/09/2017 00:00:00;
3.1354;3.1361;3.1382;3.1259;0.0005;0.016;0.0000;19/09/2017 00:00:00;
3.1347;3.1356;3.1347;3.1112;0.0209;0.671;0.0000;18/09/2017 00:00:00;
3.1142;3.1147;3.1300;3.1132;-0.0008;-0.026;0.0000;15/09/2017 00:00:00;
3.1150;3.1155;3.1464;3.1150;-0.0226;-0.720;0.0000;14/09/2017 00:00:00;
3.1374;3.1381;3.1413;3.1229;0.0091;0.291;0.0000;13/09/2017 00:00:00;
3.1285;3.1290;3.1351;3.1061;0.0252;0.812;0.0000;12/09/2017 00:00:00;
3.1031;3.1038;3.1031;3.0803;0.0093;0.301;0.0000;11/09/2017 00:00:00;
3.0925;3.0945;3.0977;3.0853;-0.0076;-0.245;0.0000;08/09/2017 00:00:00;
3.1010;3.1021;3.1180;3.1010;-0.0171;-0.548;0.0000;06/09/2017 00:00:00;
3.1185;3.1192;3.1266;3.1113;-0.0179;-0.571;0.0000;05/09/2017 00:00:00;
3.1364;3.1371;3.1439;3.1336;-0.0100;-0.318;0.0000;04/09/2017 00:00:00;
3.1464;3.1471;3.1464;3.1257;-0.0004;-0.013;0.0000;01/09/2017 00:00:00;
3.1470;3.1475;3.1659;3.1386;-0.0125;-0.396;0.0000;31/08/2017 00:00:00;
3.1593;3.1600;3.1717;3.1571;-0.0032;-0.101;0.0000;30/08/2017 00:00:00;
3.1627;3.1632;3.1736;3.1597;0.0009;0.028;0.0000;29/08/2017 00:00:00;
3.1618;3.1623;3.1618;3.1488;0.0079;0.250;0.0000;28/08/2017 00:00:00;
3.1534;3.1544;3.1602;3.1374;0.0071;0.226;0.0000;25/08/2017 00:00:00;
3.1463;3.1473;3.1481;3.1325;0.0052;0.165;0.0000;24/08/2017 00:00:00;
3.1411;3.1421;3.1612;3.1343;-0.0389;-1.223;0.0000;23/08/2017 00:00:00;
3.1785;3.1810;3.1785;3.1467;0.0127;0.401;0.0000;22/08/2017 00:00:00;
3.1677;3.1683;3.1707;3.1384;0.0224;0.712;0.0000;21/08/2017 00:00:00;
3.1452;3.1459;3.1729;3.1411;-0.0326;-1.026;0.0000;18/08/2017 00:00:00;
3.1778;3.1785;3.1804;3.1579;0.0322;1.023;0.0000;17/08/2017 00:00:00;
3.1448;3.1463;3.1743;3.1448;-0.0265;-0.835;0.0000;16/08/2017 00:00:00;
3.1721;3.1728;3.2024;3.1721;-0.0292;-0.912;0.0000;15/08/2017 00:00:00;
3.2012;3.2020;3.2024;3.1756;0.0279;0.879;0.0000;14/08/2017 00:00:00;
3.1734;3.1741;3.1789;3.1564;-0.0015;-0.047;0.0000;11/08/2017 00:00:00;
3.1747;3.1756;3.1747;3.1474;0.0233;0.739;0.0000;10/08/2017 00:00:00;
3.1516;3.1523;3.1516;3.1380;0.0223;0.712;0.0000;09/08/2017 00:00:00;
3.1288;3.1300;3.1358;3.1229;0.0047;0.150;0.0000;08/08/2017 00:00:00;
3.1246;3.1253;3.1327;3.1209;-0.0001;-0.003;0.0000;07/08/2017 00:00:00;
3.1247;3.1254;3.1284;3.1084;0.0118;0.379;0.0000;04/08/2017 00:00:00;
3.1129;3.1136;3.1255;3.1094;-0.0061;-0.196;0.0000;03/08/2017 00:00:00;
3.1190;3.1197;3.1355;3.1149;-0.0063;-0.202;0.0000;02/08/2017 00:00:00;
3.1245;3.1260;3.1252;3.1078;0.0077;0.247;0.0000;01/08/2017 00:00:00;
3.1176;3.1183;3.1419;3.1158;-0.0164;-0.523;0.0000;31/07/2017 00:00:00;
3.1334;3.1347;3.1566;3.1324;-0.0214;-0.678;0.0000;28/07/2017 00:00:00;
3.1554;3.1561;3.1567;3.1446;0.0119;0.378;0.0000;27/07/2017 00:00:00;
3.1426;3.1442;3.1743;3.1393;-0.0232;-0.732;0.0000;26/07/2017 00:00:00;
3.1667;3.1674;3.1709;3.1409;0.0198;0.629;0.0000;25/07/2017 00:00:00;
3.1470;3.1476;3.1512;3.1357;0.0068;0.217;0.0000;24/07/2017 00:00:00;
3.1401;3.1408;3.1405;3.1124;0.0140;0.448;0.0000;21/07/2017 00:00:00;
3.1261;3.1268;3.1519;3.1261;-0.0225;-0.714;0.0000;20/07/2017 00:00:00;
3.1486;3.1493;3.1615;3.1467;-0.0061;-0.193;0.0000;19/07/2017 00:00:00;
3.1547;3.1554;3.1744;3.1537;-0.0260;-0.817;0.0000;18/07/2017 00:00:00;
3.1799;3.1814;3.1866;3.1776;-0.0035;-0.110;0.0000;17/07/2017 00:00:00;
3.1839;3.1849;3.2060;3.1805;-0.0233;-0.726;0.0000;14/07/2017 00:00:00;
3.2075;3.2082;3.2191;3.2027;0.0007;0.022;0.0000;13/07/2017 00:00:00;
3.2067;3.2075;3.2340;3.2060;-0.0457;-1.405;0.0000;12/07/2017 00:00:00;
3.2517;3.2532;3.2671;3.2477;-0.0063;-0.193;0.0000;11/07/2017 00:00:00;
3.2589;3.2595;3.2732;3.2587;-0.0200;-0.610;0.0000;10/07/2017 00:00:00;
3.2789;3.2795;3.2969;3.2718;-0.0190;-0.576;0.0000;07/07/2017 00:00:00;
3.2979;3.2985;3.3184;3.2969;0.0059;0.179;0.0000;06/07/2017 00:00:00;
3.2919;3.2926;3.3260;3.2919;-0.0176;-0.532;0.0000;05/07/2017 00:00:00;
3.3080;3.3102;3.3090;3.3000;0.0051;0.154;0.0000;04/07/2017 00:00:00;
3.3045;3.3051;3.3225;3.2945;-0.0077;-0.232;0.0000;03/07/2017 00:00:00;
3.3123;3.3128;3.3135;3.2904;0.0048;0.145;0.0000;30/06/2017 00:00:00;
3.3075;3.3080;3.3117;3.2810;0.0231;0.703;0.0000;29/06/2017 00:00:00;
3.2836;3.2849;3.3129;3.2829;-0.0336;-1.013;0.0000;28/06/2017 00:00:00;
3.3180;3.3185;3.3312;3.3009;0.0170;0.515;0.0000;27/06/2017 00:00:00;
3.3008;3.3015;3.3328;3.2970;-0.0376;-1.126;0.0000;26/06/2017 00:00:00;
3.3385;3.3391;3.3400;3.3276;0.0036;0.108;0.0000;23/06/2017 00:00:00;
3.3349;3.3355;3.3463;3.3245;0.0029;0.087;0.0000;22/06/2017 00:00:00;
3.3320;3.3326;3.3363;3.3159;0.0018;0.054;0.0000;21/06/2017 00:00:00;
3.3302;3.3308;3.3353;3.2975;0.0459;1.397;0.0000;20/06/2017 00:00:00;
3.2843;3.2849;3.3113;3.2843;-0.0022;-0.067;0.0000;19/06/2017 00:00:00;
3.2865;3.2871;3.2935;3.2802;0.0066;0.201;0.0000;16/06/2017 00:00:00;
3.2798;3.2805;3.3093;3.2668;-0.0278;-0.840;0.0000;14/06/2017 00:00:00;
3.3078;3.3083;3.3300;3.3010;-0.0032;-0.097;0.0000;13/06/2017 00:00:00;
3.3109;3.3115;3.3249;3.2772;0.0194;0.589;0.0000;12/06/2017 00:00:00;
3.2906;3.2921;3.2906;3.2574;0.0269;0.824;0.0000;09/06/2017 00:00:00;
3.2637;3.2652;3.2872;3.2637;-0.0069;-0.211;0.0000;08/06/2017 00:00:00;
3.2714;3.2721;3.2846;3.2661;-0.0044;-0.134;0.0000;07/06/2017 00:00:00;
3.2760;3.2765;3.2992;3.2742;-0.0116;-0.353;0.0000;06/06/2017 00:00:00;
3.2866;3.2881;3.2922;3.2548;0.0335;1.029;0.0000;05/06/2017 00:00:00;
3.2531;3.2546;3.2562;3.2271;0.0079;0.243;0.0000;02/06/2017 00:00:00;
3.2460;3.2467;3.2518;3.2182;0.0103;0.318;0.0000;01/06/2017 00:00:00;
3.2357;3.2364;3.2526;3.2346;-0.0257;-0.788;0.0000;31/05/2017 00:00:00;
3.2606;3.2621;3.2696;3.2585;-0.0074;-0.226;0.0000;30/05/2017 00:00:00;
3.2689;3.2695;3.2742;3.2659;0.0041;0.126;0.0000;29/05/2017 00:00:00;
3.2647;3.2654;3.2713;3.2536;-0.0176;-0.536;0.0000;26/05/2017 00:00:00;
3.2824;3.2830;3.2946;3.2630;0.0039;0.119;0.0000;25/05/2017 00:00:00;
3.2781;3.2791;3.2798;3.2512;0.0129;0.395;0.0000;24/05/2017 00:00:00;
3.2651;3.2662;3.2829;3.2577;-0.0101;-0.308;0.0000;23/05/2017 00:00:00;
3.2750;3.2763;3.3087;3.2688;0.0192;0.589;0.0000;22/05/2017 00:00:00;
3.2536;3.2571;3.3398;3.2536;-0.1319;-3.892;0.0000;19/05/2017 00:00:00;
3.3815;3.3890;3.4059;3.3175;0.2553;8.147;0.0000;18/05/2017 00:00:00;
3.1325;3.1337;3.1325;3.0972;0.0382;1.234;0.0000;17/05/2017 00:00:00;
3.0949;3.0955;3.1051;3.0889;-0.0105;-0.338;0.0000;16/05/2017 00:00:00;
3.1054;3.1060;3.1100;3.0961;-0.0180;-0.576;0.0000;15/05/2017 00:00:00;
3.1232;3.1240;3.1465;3.1192;-0.0197;-0.627;0.0000;12/05/2017 00:00:00;
3.1431;3.1437;3.1623;3.1431;-0.0231;-0.729;0.0000;11/05/2017 00:00:00;
3.1662;3.1668;3.1686;3.1537;-0.0181;-0.568;0.0000;10/05/2017 00:00:00;
3.1836;3.1849;3.1950;3.1800;-0.0110;-0.344;0.0000;09/05/2017 00:00:00;
3.1954;3.1959;3.2053;3.1839;0.0209;0.658;0.0000;08/05/2017 00:00:00;
3.1741;3.1750;3.1883;3.1696;-0.0077;-0.242;0.0000;05/05/2017 00:00:00;
3.1812;3.1827;3.1936;3.1728;0.0242;0.766;0.0000;04/05/2017 00:00:00;
3.1560;3.1585;3.1584;3.1423;0.0051;0.162;0.0000;03/05/2017 00:00:00;
3.1516;3.1534;3.1892;3.1481;-0.0215;-0.677;0.0000;02/05/2017 00:00:00;
3.1732;3.1749;3.2109;3.1730;-0.0071;-0.223;0.0000;28/04/2017 00:00:00;
3.1805;3.1820;3.1860;3.1577;0.0090;0.284;0.0000;27/04/2017 00:00:00;
3.1715;3.1730;3.2056;3.1676;0.0215;0.682;0.0000;26/04/2017 00:00:00;
3.1490;3.1515;3.1668;3.1486;0.0248;0.793;0.0000;25/04/2017 00:00:00;
3.1257;3.1267;3.1331;3.1191;-0.0307;-0.972;0.0000;24/04/2017 00:00:00;
3.1565;3.1574;3.1684;3.1348;0.0102;0.324;0.0000;20/04/2017 00:00:00;
3.1464;3.1472;3.1464;3.1107;0.0338;1.086;0.0000;19/04/2017 00:00:00;
3.1126;3.1134;3.1230;3.0887;0.0090;0.290;0.0000;18/04/2017 00:00:00;
3.1038;3.1044;3.1095;3.0941;-0.0421;-1.338;0.0000;17/04/2017 00:00:00;
3.1455;3.1465;3.1473;3.1180;0.0126;0.402;0.0000;13/04/2017 00:00:00;
3.1324;3.1339;3.1561;3.1324;-0.0141;-0.448;0.0000;12/04/2017 00:00:00;
3.1460;3.1480;3.1515;3.1254;0.0090;0.287;0.0000;11/04/2017 00:00:00;
3.1370;3.1390;3.1486;3.1305;-0.0112;-0.356;0.0000;10/04/2017 00:00:00;
3.1489;3.1502;3.1570;3.1205;0.0045;0.143;0.0000;07/04/2017 00:00:00;
3.1447;3.1457;3.1461;3.1087;0.0308;0.989;0.0000;06/04/2017 00:00:00;
3.1137;3.1149;3.1137;3.0853;0.0171;0.552;0.0000;05/04/2017 00:00:00;
3.0973;3.0978;3.1356;3.0949;-0.0172;-0.552;0.0000;04/04/2017 00:00:00;
3.1130;3.1150;3.1265;3.1110;-0.0161;-0.514;0.0000;03/04/2017 00:00:00;
3.1296;3.1311;3.1755;3.1247;-0.0129;-0.410;0.0000;31/03/2017 00:00:00;
3.1425;3.1440;3.1433;3.1191;0.0270;0.866;0.0000;30/03/2017 00:00:00;
3.1155;3.1170;3.1396;3.1143;-0.0220;-0.701;0.0000;29/03/2017 00:00:00;
3.1370;3.1390;3.1435;3.1227;0.0096;0.307;0.0000;28/03/2017 00:00:00;
3.1283;3.1294;3.1375;3.1145;0.0211;0.679;0.0000;27/03/2017 00:00:00;
3.1070;3.1083;3.1486;3.1054;-0.0295;-0.940;0.0000;24/03/2017 00:00:00;
3.1363;3.1378;3.1384;3.1035;0.0421;1.360;0.0000;23/03/2017 00:00:00;
3.0951;3.0957;3.1025;3.0808;0.0057;0.184;0.0000;22/03/2017 00:00:00;
3.0890;3.0900;3.0929;3.0608;0.0183;0.596;0.0000;21/03/2017 00:00:00;
3.0707;3.0717;3.1127;3.0690;-0.0291;-0.938;0.0000;20/03/2017 00:00:00;
3.1002;3.1008;3.1238;3.0961;-0.0147;-0.472;0.0000;17/03/2017 00:00:00;
3.1131;3.1155;3.1204;3.0936;0.0043;0.138;0.0000;16/03/2017 00:00:00;
3.1103;3.1112;3.1747;3.1076;-0.0581;-1.833;0.0000;15/03/2017 00:00:00;
3.1687;3.1693;3.1809;3.1593;0.0171;0.542;0.0000;14/03/2017 00:00:00;
3.1517;3.1522;3.1592;3.1370;0.0087;0.277;0.0000;13/03/2017 00:00:00;
3.1415;3.1435;3.1856;3.1400;-0.0512;-1.603;0.0000;10/03/2017 00:00:00;
3.1941;3.1947;3.1966;3.1608;0.0232;0.732;0.0000;09/03/2017 00:00:00;
3.1685;3.1715;3.1763;3.1273;0.0514;1.647;0.0000;08/03/2017 00:00:00;
3.1188;3.1201;3.1243;3.1128;-0.0069;-0.221;0.0000;07/03/2017 00:00:00;
3.1263;3.1270;3.1263;3.1015;0.0120;0.385;0.0000;06/03/2017 00:00:00;
3.1130;3.1150;3.1517;3.1127;-0.0363;-1.152;0.0000;03/03/2017 00:00:00;
3.1503;3.1513;3.1529;3.1035;0.0581;1.878;0.0000;02/03/2017 00:00:00;
3.0924;3.0932;3.1165;3.0755;-0.0201;-0.646;0.0000;01/03/2017 00:00:00;
3.1118;3.1133;3.1130;3.0755;0.0568;1.858;0.0000;24/02/2017 00:00:00;
3.0545;3.0565;3.0755;3.0545;-0.0140;-0.456;0.0000;23/02/2017 00:00:00;
3.0685;3.0705;3.0933;3.0685;-0.0200;-0.647;0.0000;22/02/2017 00:00:00;
3.0899;3.0905;3.1050;3.0865;0.0019;0.062;0.0000;21/02/2017 00:00:00;
3.0873;3.0886;3.1029;3.0841;-0.0042;-0.136;0.0000;20/02/2017 00:00:00;
3.0921;3.0928;3.1064;3.0784;0.0087;0.282;0.0000;17/02/2017 00:00:00;
3.0830;3.0841;3.0830;3.0442;0.0171;0.558;0.0000;16/02/2017 00:00:00;
3.0650;3.0670;3.0924;3.0557;-0.0290;-0.937;0.0000;15/02/2017 00:00:00;
3.0940;3.0960;3.1249;3.0938;-0.0141;-0.453;0.0000;14/02/2017 00:00:00;
3.1095;3.1101;3.1226;3.1095;0.0009;0.029;0.0000;13/02/2017 00:00:00;
3.1085;3.1092;3.1242;3.1073;-0.0207;-0.661;0.0000;10/02/2017 00:00:00;
3.1284;3.1299;3.1328;3.1140;0.0102;0.327;0.0000;09/02/2017 00:00:00;
3.1189;3.1197;3.1281;3.1143;0.0025;0.080;0.0000;08/02/2017 00:00:00;
3.1166;3.1172;3.1344;3.1166;-0.0088;-0.282;0.0000;07/02/2017 00:00:00;
3.1245;3.1260;3.1247;3.1085;0.0025;0.080;0.0000;06/02/2017 00:00:00;
3.1230;3.1235;3.1371;3.1073;0.0016;0.051;0.0000;03/02/2017 00:00:00;
3.1204;3.1219;3.1278;3.1095;-0.0281;-0.892;0.0000;02/02/2017 00:00:00;
3.1485;3.1500;3.1610;3.1345;-0.0010;-0.032;0.0000;01/02/2017 00:00:00;
3.1491;3.1510;3.1553;3.1032;0.0234;0.748;0.0000;31/01/2017 00:00:00;
3.1261;3.1276;3.1525;3.1143;-0.0244;-0.774;0.0000;30/01/2017 00:00:00;
3.1500;3.1520;3.1760;3.1477;-0.0285;-0.896;0.0000;27/01/2017 00:00:00;
3.1800;3.1805;3.1920;3.1684;0.0090;0.284;0.0000;26/01/2017 00:00:00;
3.1695;3.1715;3.1725;3.1614;0.0027;0.085;0.0000;24/01/2017 00:00:00;
3.1678;3.1688;3.1811;3.1565;-0.0137;-0.430;0.0000;23/01/2017 00:00:00;
3.1805;3.1825;3.1997;3.1745;-0.0177;-0.553;0.0000;20/01/2017 00:00:00;
3.1987;3.2002;3.2288;3.1946;-0.0188;-0.584;0.0000;19/01/2017 00:00:00;
3.2183;3.2190;3.2287;3.2135;0.0066;0.205;0.0000;18/01/2017 00:00:00;
3.2117;3.2124;3.2178;3.2007;-0.0261;-0.806;0.0000;17/01/2017 00:00:00;
3.2370;3.2385;3.2395;3.2188;0.0169;0.525;0.0000;16/01/2017 00:00:00;
3.2205;3.2216;3.2206;3.1827;0.0460;1.449;0.0000;13/01/2017 00:00:00;
3.1749;3.1756;3.1885;3.1561;-0.0160;-0.501;0.0000;12/01/2017 00:00:00;
3.1910;3.1916;3.2272;3.1800;-0.0070;-0.219;0.0000;11/01/2017 00:00:00;
3.1980;3.1986;3.1996;3.1825;0.0019;0.059;0.0000;10/01/2017 00:00:00;
3.1961;3.1967;3.2231;3.1903;-0.0251;-0.779;0.0000;09/01/2017 00:00:00;
3.2212;3.2218;3.2230;3.1916;0.0238;0.744;0.0000;06/01/2017 00:00:00;
3.1965;3.1980;3.2260;3.1955;-0.0203;-0.631;0.0000;05/01/2017 00:00:00;
3.2177;3.2183;3.2427;3.2133;-0.0441;-1.352;0.0000;04/01/2017 00:00:00;
3.2609;3.2624;3.2828;3.2475;-0.0194;-0.591;0.0000;03/01/2017 00:00:00;
3.2811;3.2818;3.2839;3.2580;0.0321;0.988;0.0000;02/01/2017 00:00:00;
3.2492;3.2497;3.2652;3.2440;-0.0308;-0.939;0.0000;29/12/2016 00:00:00;
3.2800;3.2805;3.2923;3.2706;0.0069;0.211;0.0000;28/12/2016 00:00:00;
3.2726;3.2736;3.2886;3.2720;-0.0018;-0.055;0.0000;27/12/2016 00:00:00;
3.2745;3.2754;3.2838;3.2669;0.0054;0.165;0.0000;26/12/2016 00:00:00;
3.2685;3.2700;3.2803;3.2625;-0.0293;-0.888;0.0000;23/12/2016 00:00:00;
3.2976;3.2993;3.3456;3.2960;-0.0327;-0.981;0.0000;22/12/2016 00:00:00;
3.3305;3.3320;3.3473;3.3226;-0.0116;-0.347;0.0000;21/12/2016 00:00:00;
3.3425;3.3436;3.3703;3.3415;-0.0279;-0.828;0.0000;20/12/2016 00:00:00;
3.3700;3.3715;3.4025;3.3692;-0.0191;-0.563;0.0000;19/12/2016 00:00:00;
3.3889;3.3906;3.4063;3.3459;0.0193;0.572;0.0000;16/12/2016 00:00:00;
3.3703;3.3713;3.4026;3.3670;0.0381;1.143;0.0000;15/12/2016 00:00:00;
3.3314;3.3332;3.3431;3.3050;0.0072;0.216;0.0000;14/12/2016 00:00:00;
3.3255;3.3260;3.3629;3.3188;-0.0195;-0.583;0.0000;13/12/2016 00:00:00;
3.3448;3.3455;3.4030;3.3379;-0.0274;-0.812;0.0000;12/12/2016 00:00:00;
3.3724;3.3729;3.4064;3.3552;-0.0101;-0.299;0.0000;09/12/2016 00:00:00;
3.3824;3.3830;3.4140;3.3730;-0.0211;-0.620;0.0000;08/12/2016 00:00:00;
3.4032;3.4041;3.4159;3.3795;-0.0125;-0.366;0.0000;07/12/2016 00:00:00;
3.4159;3.4166;3.4560;3.3969;-0.0128;-0.373;0.0000;06/12/2016 00:00:00;
3.4286;3.4294;3.4657;3.4257;-0.0432;-1.244;0.0000;05/12/2016 00:00:00;
3.4710;3.4726;3.4826;3.4459;0.0041;0.118;0.0000;02/12/2016 00:00:00;
3.4670;3.4685;3.4772;3.3877;0.0812;2.397;0.0000;01/12/2016 00:00:00;
3.3858;3.3873;3.4033;3.3803;-0.0084;-0.247;0.0000;30/11/2016 00:00:00;
3.3942;3.3957;3.4110;3.3833;0.0111;0.328;0.0000;29/11/2016 00:00:00;
3.3840;3.3846;3.4089;3.3840;-0.0289;-0.847;0.0000;28/11/2016 00:00:00;
3.4120;3.4135;3.4604;3.4059;0.0196;0.578;0.0000;25/11/2016 00:00:00;
3.3934;3.3939;3.4094;3.3872;-0.0001;-0.003;0.0000;24/11/2016 00:00:00;
3.3915;3.3940;3.4171;3.3580;0.0375;1.117;0.0000;23/11/2016 00:00:00;
3.3545;3.3565;3.3609;3.3317;0.0045;0.134;0.0000;22/11/2016 00:00:00;
3.3495;3.3520;3.3720;3.3423;-0.0350;-1.033;0.0000;21/11/2016 00:00:00;
3.3845;3.3870;3.4297;3.3741;-0.0319;-0.933;0.0000;18/11/2016 00:00:00;
3.4173;3.4189;3.4261;3.3884;-0.0028;-0.082;0.0000;17/11/2016 00:00:00;
3.4193;3.4217;3.4403;3.4043;-0.0191;-0.555;0.0000;16/11/2016 00:00:00;
3.4402;3.4408;3.4628;3.4230;0.0485;1.430;0.0000;14/11/2016 00:00:00;
3.3912;3.3923;3.4987;3.3785;0.0309;0.919;0.0000;11/11/2016 00:00:00;
3.3584;3.3614;3.3772;3.2242;0.1519;4.733;0.0000;10/11/2016 00:00:00;
3.2080;3.2095;3.2445;3.2010;0.0421;1.329;0.0000;09/11/2016 00:00:00;
3.1669;3.1674;3.2131;3.1669;-0.0371;-1.158;0.0000;08/11/2016 00:00:00;
3.2030;3.2045;3.2146;3.1911;-0.0266;-0.823;0.0000;07/11/2016 00:00:00;
3.2306;3.2311;3.2605;3.2172;-0.0049;-0.151;0.0000;04/11/2016 00:00:00;
3.2345;3.2360;3.2440;3.2209;-0.0052;-0.160;0.0000;03/11/2016 00:00:00;
3.2399;3.2412;3.2495;3.1806;0.0512;1.605;0.0000;01/11/2016 00:00:00;
3.1890;3.1900;3.1942;3.1658;-0.0065;-0.203;0.0000;31/10/2016 00:00:00;
3.1950;3.1965;3.2012;3.1615;0.0410;1.299;0.0000;28/10/2016 00:00:00;
3.1535;3.1555;3.1580;3.1295;0.0132;0.420;0.0000;27/10/2016 00:00:00;
3.1413;3.1423;3.1516;3.1165;0.0358;1.152;0.0000;26/10/2016 00:00:00;
3.1050;3.1065;3.1339;3.1019;-0.0142;-0.455;0.0000;25/10/2016 00:00:00;
3.1202;3.1207;3.1490;3.1186;-0.0399;-1.262;0.0000;24/10/2016 00:00:00;
3.1600;3.1606;3.1676;3.1456;0.0216;0.688;0.0000;21/10/2016 00:00:00;
3.1375;3.1390;3.1666;3.1353;-0.0300;-0.947;0.0000;20/10/2016 00:00:00;
3.1676;3.1690;3.1958;3.1666;-0.0140;-0.440;0.0000;19/10/2016 00:00:00;
3.1825;3.1830;3.1930;3.1744;-0.0246;-0.767;0.0000;18/10/2016 00:00:00;
3.2069;3.2076;3.2080;3.1920;0.0031;0.097;0.0000;17/10/2016 00:00:00;
3.2030;3.2045;3.2031;3.1681;0.0229;0.720;0.0000;14/10/2016 00:00:00;
3.1802;3.1816;3.2165;3.1772;-0.0183;-0.572;0.0000;13/10/2016 00:00:00;
3.1994;3.1999;3.2234;3.1965;-0.0026;-0.081;0.0000;11/10/2016 00:00:00;
3.2015;3.2025;3.2210;3.2010;-0.0141;-0.438;0.0000;10/10/2016 00:00:00;
3.2158;3.2166;3.2365;3.1967;-0.0059;-0.183;0.0000;07/10/2016 00:00:00;
3.2216;3.2225;3.2381;3.2175;0.0032;0.099;0.0000;06/10/2016 00:00:00;
3.2181;3.2193;3.2605;3.2177;-0.0358;-1.100;0.0000;05/10/2016 00:00:00;
3.2538;3.2551;3.2587;3.2069;0.0494;1.541;0.0000;04/10/2016 00:00:00;
3.2044;3.2057;3.2470;3.2005;-0.0460;-1.415;0.0000;03/10/2016 00:00:00;
3.2504;3.2517;3.2600;3.2318;-0.0038;-0.117;0.0000;30/09/2016 00:00:00;
3.2544;3.2555;3.2600;3.2155;0.0337;1.046;0.0000;29/09/2016 00:00:00;
3.2213;3.2218;3.2531;3.2155;-0.0092;-0.285;0.0000;28/09/2016 00:00:00;
3.2295;3.2310;3.2456;3.2207;-0.0164;-0.505;0.0000;27/09/2016 00:00:00;
3.2469;3.2474;3.2503;3.2258;0.0002;0.006;0.0000;26/09/2016 00:00:00;
3.2463;3.2472;3.2463;3.2070;0.0214;0.663;0.0000;23/09/2016 00:00:00;
3.2248;3.2258;3.2248;3.1858;0.0144;0.448;0.0000;22/09/2016 00:00:00;
3.2097;3.2114;3.2575;3.2087;-0.0496;-1.521;0.0000;21/09/2016 00:00:00;
3.2595;3.2610;3.2733;3.2473;-0.0173;-0.528;0.0000;20/09/2016 00:00:00;
3.2769;3.2783;3.2769;3.2534;0.0103;0.315;0.0000;19/09/2016 00:00:00;
3.2673;3.2680;3.3119;3.2665;-0.0337;-1.021;0.0000;16/09/2016 00:00:00;
3.3004;3.3017;3.3611;3.2980;-0.0413;-1.235;0.0000;15/09/2016 00:00:00;
3.3415;3.3430;3.3415;3.3045;0.0262;0.790;0.0000;14/09/2016 00:00:00;
3.3157;3.3168;3.3273;3.2440;0.0678;2.087;0.0000;13/09/2016 00:00:00;
3.2475;3.2490;3.2992;3.2412;-0.0310;-0.945;0.0000;12/09/2016 00:00:00;
3.2781;3.2800;3.2819;3.2160;0.0696;2.168;0.0000;09/09/2016 00:00:00;
3.2091;3.2104;3.2160;3.1696;0.0023;0.072;0.0000;08/09/2016 00:00:00;
3.2066;3.2081;3.2835;3.2036;-0.0740;-2.255;0.0000;06/09/2016 00:00:00;
3.2806;3.2821;3.2806;3.2509;0.0287;0.882;0.0000;05/09/2016 00:00:00;
3.2521;3.2534;3.2637;3.2308;0.0039;0.120;0.0000;02/09/2016 00:00:00;
3.2482;3.2495;3.2602;3.2230;0.0202;0.626;0.0000;01/09/2016 00:00:00;
3.2281;3.2293;3.2519;3.2211;-0.0109;-0.336;0.0000;31/08/2016 00:00:00;
3.2393;3.2402;3.2621;3.2218;0.0079;0.244;0.0000;30/08/2016 00:00:00;
3.2315;3.2323;3.2872;3.2315;-0.0396;-1.210;0.0000;29/08/2016 00:00:00;
3.2713;3.2719;3.2743;3.1920;0.0403;1.247;0.0000;26/08/2016 00:00:00;
3.2305;3.2316;3.2395;3.2185;0.0087;0.270;0.0000;25/08/2016 00:00:00;
3.2222;3.2229;3.2473;3.2211;-0.0106;-0.328;0.0000;24/08/2016 00:00:00;
3.2320;3.2335;3.2347;3.1882;0.0320;1.000;0.0000;23/08/2016 00:00:00;
3.2003;3.2015;3.2238;3.2003;-0.0056;-0.175;0.0000;22/08/2016 00:00:00;
3.2065;3.2071;3.2410;3.2065;-0.0262;-0.810;0.0000;19/08/2016 00:00:00;
3.2317;3.2333;3.2397;3.2036;0.0218;0.679;0.0000;18/08/2016 00:00:00;
3.2105;3.2115;3.2315;3.1976;0.0175;0.548;0.0000;17/08/2016 00:00:00;
3.1929;3.1940;3.1929;3.1620;0.0055;0.172;0.0000;16/08/2016 00:00:00;
3.1870;3.1885;3.1945;3.1592;0.0035;0.110;0.0000;15/08/2016 00:00:00;
3.1835;3.1850;3.1905;3.1445;0.0450;1.433;0.0000;12/08/2016 00:00:00;
3.1380;3.1400;3.1522;3.1260;0.0078;0.249;0.0000;11/08/2016 00:00:00;
3.1307;3.1322;3.1436;3.1162;-0.0089;-0.283;0.0000;10/08/2016 00:00:00;
3.1403;3.1411;3.1750;3.1299;-0.0266;-0.840;0.0000;09/08/2016 00:00:00;
3.1666;3.1677;3.1872;3.1602;-0.0014;-0.044;0.0000;08/08/2016 00:00:00;
3.1681;3.1691;3.1974;3.1649;-0.0254;-0.795;0.0000;05/08/2016 00:00:00;
3.1930;3.1945;3.2400;3.1930;-0.0463;-1.429;0.0000;04/08/2016 00:00:00;
3.2402;3.2408;3.2887;3.2392;-0.0253;-0.775;0.0000;03/08/2016 00:00:00;
3.2656;3.2661;3.2702;3.2413;-0.0059;-0.180;0.0000;02/08/2016 00:00:00;
3.2695;3.2720;3.2743;3.2548;0.0291;0.897;0.0000;01/08/2016 00:00:00;
3.2423;3.2429;3.2910;3.2319;-0.0536;-1.626;0.0000;29/07/2016 00:00:00;
3.2953;3.2965;3.2953;3.2630;0.0255;0.780;0.0000;28/07/2016 00:00:00;
3.2702;3.2710;3.2914;3.2619;0.0007;0.021;0.0000;27/07/2016 00:00:00;
3.2697;3.2703;3.2855;3.2650;-0.0237;-0.719;0.0000;26/07/2016 00:00:00;
3.2915;3.2940;3.2937;3.2550;0.0359;1.102;0.0000;25/07/2016 00:00:00;
3.2575;3.2581;3.2951;3.2556;-0.0235;-0.716;0.0000;22/07/2016 00:00:00;
3.2810;3.2816;3.2867;3.2449;0.0330;1.016;0.0000;21/07/2016 00:00:00;
3.2478;3.2486;3.2608;3.2401;-0.0103;-0.316;0.0000;20/07/2016 00:00:00;
3.2583;3.2589;3.2820;3.2500;0.0072;0.221;0.0000;19/07/2016 00:00:00;
3.2497;3.2517;3.2704;3.2471;-0.0026;-0.080;0.0000;18/07/2016 00:00:00;
3.2532;3.2543;3.2757;3.2462;-0.0052;-0.160;0.0000;15/07/2016 00:00:00;
3.2580;3.2595;3.2635;3.2201;-0.0150;-0.458;0.0000;14/07/2016 00:00:00;
3.2730;3.2745;3.2988;3.2730;-0.0235;-0.713;0.0000;13/07/2016 00:00:00;
3.2965;3.2980;3.3100;3.2665;-0.0120;-0.363;0.0000;12/07/2016 00:00:00;
3.3085;3.3100;3.3171;3.2930;0.0155;0.470;0.0000;11/07/2016 00:00:00;
3.2930;3.2945;3.3685;3.2843;-0.0714;-2.121;0.0000;08/07/2016 00:00:00;
3.3654;3.3659;3.3654;3.3236;0.0289;0.866;0.0000;07/07/2016 00:00:00;
3.3355;3.3370;3.3375;3.3010;0.0360;1.091;0.0000;06/07/2016 00:00:00;
3.2995;3.3010;3.3009;3.2640;0.0361;1.106;0.0000;05/07/2016 00:00:00;
3.2632;3.2649;3.2642;3.2397;0.0321;0.993;0.0000;04/07/2016 00:00:00;
3.2308;3.2328;3.2445;3.2017;0.0195;0.607;0.0000;01/07/2016 00:00:00;
3.2126;3.2133;3.2450;3.1823;-0.0237;-0.732;0.0000;30/06/2016 00:00:00;
3.2365;3.2370;3.3030;3.2323;-0.0690;-2.087;0.0000;29/06/2016 00:00:00;
3.3045;3.3060;3.3528;3.3018;-0.0886;-2.610;0.0000;28/06/2016 00:00:00;
3.3931;3.3946;3.4134;3.3755;0.0149;0.441;0.0000;27/06/2016 00:00:00;
3.3785;3.3797;3.4352;3.3526;0.0352;1.052;0.0000;24/06/2016 00:00:00;
3.3438;3.3445;3.3750;3.3432;-0.0333;-0.986;0.0000;23/06/2016 00:00:00;
3.3763;3.3778;3.3994;3.3685;-0.0284;-0.834;0.0000;22/06/2016 00:00:00;
3.4054;3.4062;3.4062;3.3633;0.0068;0.200;0.0000;21/06/2016 00:00:00;
3.3989;3.3994;3.4049;3.3788;-0.0209;-0.611;0.0000;20/06/2016 00:00:00;
3.4196;3.4203;3.4591;3.4196;-0.0497;-1.432;0.0000;17/06/2016 00:00:00;
3.4680;3.4700;3.5050;3.4645;0.0035;0.101;0.0000;16/06/2016 00:00:00;
3.4650;3.4665;3.4931;3.4469;-0.0135;-0.388;0.0000;15/06/2016 00:00:00;
3.4786;3.4800;3.5014;3.4604;-0.0067;-0.192;0.0000;14/06/2016 00:00:00;
3.4857;3.4867;3.4857;3.4175;0.0557;1.623;0.0000;13/06/2016 00:00:00;
3.4290;3.4310;3.4442;3.3950;0.0275;0.808;0.0000;10/06/2016 00:00:00;
3.4015;3.4035;3.4035;3.3673;0.0338;1.003;0.0000;09/06/2016 00:00:00;
3.3685;3.3697;3.4094;3.3685;-0.0789;-2.288;0.0000;08/06/2016 00:00:00;
3.4479;3.4486;3.5114;3.4463;-0.0419;-1.200;0.0000;07/06/2016 00:00:00;
3.4895;3.4905;3.5250;3.4870;-0.0344;-0.976;0.0000;06/06/2016 00:00:00;
3.5243;3.5249;3.5928;3.5243;-0.0626;-1.745;0.0000;03/06/2016 00:00:00;
3.5860;3.5875;3.6073;3.5788;-0.0004;-0.011;0.0000;02/06/2016 00:00:00;
3.5867;3.5879;3.6287;3.5867;-0.0244;-0.675;0.0000;01/06/2016 00:00:00;
3.6118;3.6123;3.6293;3.5683;0.0344;0.961;0.0000;31/05/2016 00:00:00;
3.5774;3.5779;3.6144;3.5744;-0.0331;-0.917;0.0000;30/05/2016 00:00:00;
3.6095;3.6110;3.6269;3.5845;0.0136;0.378;0.0000;27/05/2016 00:00:00;
3.5961;3.5974;3.6142;3.5553;0.0219;0.613;0.0000;25/05/2016 00:00:00;
3.5745;3.5755;3.5873;3.5437;-0.0068;-0.190;0.0000;24/05/2016 00:00:00;
3.5803;3.5823;3.5832;3.5210;0.0641;1.822;0.0000;23/05/2016 00:00:00;
3.5170;3.5182;3.5640;3.5170;-0.0520;-1.457;0.0000;20/05/2016 00:00:00;
3.5686;3.5702;3.6137;3.5636;0.0073;0.205;0.0000;19/05/2016 00:00:00;
3.5618;3.5629;3.5648;3.4880;0.0714;2.045;0.0000;18/05/2016 00:00:00;
3.4900;3.4915;3.5210;3.4823;-0.0127;-0.362;0.0000;17/05/2016 00:00:00;
3.5022;3.5042;3.5287;3.4960;-0.0194;-0.551;0.0000;16/05/2016 00:00:00;
3.5224;3.5236;3.5238;3.4697;0.0509;1.466;0.0000;13/05/2016 00:00:00;
3.4720;3.4727;3.5005;3.4480;0.0271;0.787;0.0000;12/05/2016 00:00:00;
3.4450;3.4456;3.4757;3.4407;-0.0210;-0.606;0.0000;11/05/2016 00:00:00;
3.4644;3.4666;3.5097;3.4628;-0.0583;-1.654;0.0000;10/05/2016 00:00:00;
3.5237;3.5249;3.6090;3.5062;0.0219;0.625;0.0000;09/05/2016 00:00:00;
3.5025;3.5030;3.5688;3.4953;-0.0368;-1.040;0.0000;06/05/2016 00:00:00;
3.5393;3.5398;3.5494;3.5095;-0.0002;-0.006;0.0000;05/05/2016 00:00:00;
3.5385;3.5400;3.5700;3.5278;-0.0312;-0.874;0.0000;04/05/2016 00:00:00;
3.5697;3.5712;3.5808;3.5298;0.0812;2.327;0.0000;03/05/2016 00:00:00;
3.4885;3.4900;3.5073;3.4370;0.0499;1.451;0.0000;02/05/2016 00:00:00;
3.4382;3.4401;3.4920;3.4380;-0.0575;-1.644;0.0000;29/04/2016 00:00:00;
3.4959;3.4976;3.5220;3.4819;-0.0267;-0.758;0.0000;28/04/2016 00:00:00;
3.5217;3.5243;3.5526;3.5120;0.0052;0.148;0.0000;27/04/2016 00:00:00;
3.5186;3.5191;3.5415;3.5186;-0.0294;-0.829;0.0000;26/04/2016 00:00:00;
3.5471;3.5485;3.5675;3.5400;-0.0218;-0.611;0.0000;25/04/2016 00:00:00;
3.5697;3.5703;3.5974;3.5305;0.0378;1.070;0.0000;22/04/2016 00:00:00;
3.5319;3.5325;3.5637;3.5252;0.0042;0.119;0.0000;20/04/2016 00:00:00;
3.5272;3.5283;3.5749;3.5272;-0.0689;-1.915;0.0000;19/04/2016 00:00:00;
3.5965;3.5972;3.6012;3.5108;0.0732;2.077;0.0000;18/04/2016 00:00:00;
3.5225;3.5240;3.5474;3.4770;0.0480;1.381;0.0000;15/04/2016 00:00:00;
3.4745;3.4760;3.5272;3.4657;-0.0035;-0.101;0.0000;14/04/2016 00:00:00;
3.4775;3.4795;3.5608;3.4775;-0.0153;-0.438;0.0000;13/04/2016 00:00:00;
3.4918;3.4948;3.5580;3.4918;0.0002;0.006;0.0000;12/04/2016 00:00:00;
3.4929;3.4946;3.5727;3.4885;-0.1019;-2.833;0.0000;11/04/2016 00:00:00;
3.5951;3.5965;3.6621;3.5951;-0.0972;-2.632;0.0000;08/04/2016 00:00:00;
3.6931;3.6937;3.7156;3.6450;0.0484;1.328;0.0000;07/04/2016 00:00:00;
3.6441;3.6453;3.7020;3.6417;-0.0357;-0.970;0.0000;06/04/2016 00:00:00;
3.6804;3.6810;3.6804;3.6310;0.0672;1.860;0.0000;05/04/2016 00:00:00;
3.6128;3.6138;3.6128;3.5531;0.0511;1.434;0.0000;04/04/2016 00:00:00;
3.5603;3.5627;3.6177;3.5403;-0.0336;-0.934;0.0000;01/04/2016 00:00:00;
3.5935;3.5963;3.6213;3.5430;-0.0246;-0.679;0.0000;31/03/2016 00:00:00;
3.6197;3.6209;3.6390;3.5997;-0.0170;-0.467;0.0000;30/03/2016 00:00:00;
3.6367;3.6379;3.6744;3.6321;0.0122;0.336;0.0000;29/03/2016 00:00:00;
3.6250;3.6257;3.6646;3.6238;-0.0555;-1.508;0.0000;28/03/2016 00:00:00;
3.6793;3.6812;3.7160;3.6793;0.0044;0.120;0.0000;24/03/2016 00:00:00;
3.6755;3.6768;3.6771;3.6170;0.0760;2.111;0.0000;23/03/2016 00:00:00;
3.6001;3.6008;3.6422;3.5795;-0.0095;-0.263;0.0000;22/03/2016 00:00:00;
3.6083;3.6103;3.6450;3.6015;0.0286;0.799;0.0000;21/03/2016 00:00:00;
3.5802;3.5817;3.6521;3.5790;-0.0716;-1.960;0.0000;18/03/2016 00:00:00;
3.6505;3.6533;3.6756;3.6123;-0.0858;-2.295;0.0000;17/03/2016 00:00:00;
3.7367;3.7391;3.8362;3.7354;-0.0239;-0.635;0.0000;16/03/2016 00:00:00;
3.7600;3.7630;3.7704;3.6640;0.1106;3.028;0.0000;15/03/2016 00:00:00;
3.6515;3.6524;3.6515;3.5860;0.0614;1.710;0.0000;14/03/2016 00:00:00;
3.5895;3.5910;3.6650;3.5855;-0.0504;-1.384;0.0000;11/03/2016 00:00:00;
3.6402;3.6414;3.7004;3.6377;-0.0556;-1.504;0.0000;10/03/2016 00:00:00;
3.6962;3.6970;3.7367;3.6868;-0.0419;-1.121;0.0000;09/03/2016 00:00:00;
3.7380;3.7389;3.7957;3.7380;-0.0548;-1.445;0.0000;08/03/2016 00:00:00;
3.7919;3.7937;3.7935;3.7408;0.0330;0.877;0.0000;07/03/2016 00:00:00;
3.7597;3.7607;3.7698;3.6745;-0.0415;-1.091;0.0000;04/03/2016 00:00:00;
3.8012;3.8022;3.8655;3.7872;-0.0855;-2.199;0.0000;03/03/2016 00:00:00;
3.8871;3.8877;3.9377;3.8860;-0.0534;-1.355;0.0000;02/03/2016 00:00:00;
3.9404;3.9411;4.0135;3.9354;-0.0624;-1.559;0.0000;01/03/2016 00:00:00;
4.0012;4.0035;4.0022;3.9580;0.0059;0.148;0.0000;29/02/2016 00:00:00;
3.9972;3.9976;4.0122;3.9355;0.0476;1.205;0.0000;26/02/2016 00:00:00;
3.9485;3.9500;3.9520;3.9248;-0.0068;-0.172;0.0000;25/02/2016 00:00:00;
3.9558;3.9568;4.0042;3.9504;-0.0059;-0.149;0.0000;24/02/2016 00:00:00;
3.9603;3.9627;3.9773;3.9428;0.0127;0.322;0.0000;23/02/2016 00:00:00;
3.9495;3.9500;3.9991;3.9317;-0.0727;-1.807;0.0000;22/02/2016 00:00:00;
4.0217;4.0227;4.0597;4.0217;-0.0263;-0.650;0.0000;19/02/2016 00:00:00;
4.0460;4.0490;4.0501;3.9768;0.0550;1.377;0.0000;18/02/2016 00:00:00;
3.9919;3.9940;4.0556;3.9737;-0.0765;-1.879;0.0000;17/02/2016 00:00:00;
4.0680;4.0705;4.0719;3.9925;0.0742;1.857;0.0000;16/02/2016 00:00:00;
3.9953;3.9963;3.9974;3.9775;0.0068;0.170;0.0000;15/02/2016 00:00:00;
3.9889;3.9895;4.0024;3.9721;0.0058;0.146;0.0000;12/02/2016 00:00:00;
3.9820;3.9837;3.9820;3.9483;0.0482;1.225;0.0000;11/02/2016 00:00:00;
3.9348;3.9355;3.9448;3.9122;0.0255;0.652;0.0000;10/02/2016 00:00:00;
3.9093;3.9100;3.9233;3.8714;0.0159;0.408;0.0000;05/02/2016 00:00:00;
3.8929;3.8941;3.8946;3.8519;-0.0240;-0.613;0.0000;04/02/2016 00:00:00;
3.9161;3.9181;3.9835;3.9141;-0.0679;-1.703;0.0000;03/02/2016 00:00:00;
3.9851;3.9860;4.0180;3.9750;0.0269;0.679;0.0000;02/02/2016 00:00:00;
3.9579;3.9591;4.0163;3.9579;-0.0652;-1.620;0.0000;01/02/2016 00:00:00;
4.0217;4.0243;4.0874;3.9986;-0.0557;-1.365;0.0000;29/01/2016 00:00:00;
4.0775;4.0800;4.1181;4.0445;-0.0059;-0.144;0.0000;28/01/2016 00:00:00;
4.0843;4.0859;4.0873;4.0335;0.0159;0.391;0.0000;27/01/2016 00:00:00;
4.0675;4.0700;4.1168;4.0551;-0.0320;-0.780;0.0000;26/01/2016 00:00:00;
4.1000;4.1020;4.1000;4.0950;-0.0085;-0.207;0.0000;25/01/2016 00:00:00;
4.1080;4.1105;4.1283;4.1035;-0.0550;-1.320;0.0000;22/01/2016 00:00:00;
4.1644;4.1655;4.1708;4.1294;0.0605;1.474;0.0000;21/01/2016 00:00:00;
4.1025;4.1050;4.1269;4.0771;0.0501;1.236;0.0000;20/01/2016 00:00:00;
4.0529;4.0549;4.0529;4.0040;0.0207;0.513;0.0000;19/01/2016 00:00:00;
4.0317;4.0342;4.0492;4.0201;-0.0116;-0.287;0.0000;18/01/2016 00:00:00;
4.0453;4.0458;4.0577;4.0271;0.0475;1.188;0.0000;15/01/2016 00:00:00;
3.9953;3.9983;4.0388;3.9911;-0.0126;-0.314;0.0000;14/01/2016 00:00:00;
4.0098;4.0109;4.0128;3.9704;-0.0343;-0.848;0.0000;13/01/2016 00:00:00;
4.0422;4.0452;4.0598;4.0202;-0.0065;-0.160;0.0000;12/01/2016 00:00:00;
4.0487;4.0517;4.0510;4.0026;0.0114;0.282;0.0000;11/01/2016 00:00:00;
4.0376;4.0403;4.0521;4.0096;-0.0122;-0.301;0.0000;08/01/2016 00:00:00;
4.0500;4.0525;4.0625;4.0270;0.0311;0.773;0.0000;07/01/2016 00:00:00;
4.0192;4.0214;4.0433;4.0125;0.0281;0.704;0.0000;06/01/2016 00:00:00;
3.9911;3.9933;4.0511;3.9884;-0.0406;-1.006;0.0000;05/01/2016 00:00:00;
4.0316;4.0339;4.0665;4.0250;0.0859;2.176;0.0000;04/01/2016 00:00:00;
3.9470;3.9480;4.0040;3.8678;0.0711;1.834;0.0000;30/12/2015 00:00:00;
3.8758;3.8769;3.8918;3.8410;0.0169;0.438;0.0000;29/12/2015 00:00:00;
3.8595;3.8600;3.9585;3.8575;-0.0828;-2.100;0.0000;28/12/2015 00:00:00;
3.9401;3.9428;3.9932;3.9515;-0.0095;-0.240;0.0000;24/12/2015 00:00:00;
3.9516;3.9523;3.9932;3.9515;-0.0362;-0.908;0.0000;23/12/2015 00:00:00;
3.9873;3.9885;4.0115;3.9731;-0.0343;-0.853;0.0000;22/12/2015 00:00:00;
4.0222;4.0228;4.0370;3.9657;0.0760;1.926;0.0000;21/12/2015 00:00:00;
3.9456;3.9468;3.9477;3.8849;0.0575;1.478;0.0000;18/12/2015 00:00:00;
3.8881;3.8893;3.9140;3.8595;-0.0354;-0.902;0.0000;17/12/2015 00:00:00;
3.9227;3.9247;3.9554;3.9150;0.0482;1.243;0.0000;16/12/2015 00:00:00;
3.8744;3.8765;3.9012;3.8582;-0.0097;-0.250;0.0000;15/12/2015 00:00:00;
3.8841;3.8862;3.9210;3.8764;0.0124;0.320;0.0000;14/12/2015 00:00:00;
3.8721;3.8738;3.8863;3.8325;0.0733;1.929;0.0000;11/12/2015 00:00:00;
3.7975;3.8005;3.8050;3.7547;0.0635;1.699;0.0000;10/12/2015 00:00:00;
3.7365;3.7370;3.7790;3.7155;-0.0730;-1.916;0.0000;09/12/2015 00:00:00;
3.8080;3.8100;3.8165;3.7484;0.0511;1.359;0.0000;08/12/2015 00:00:00;
3.7577;3.7589;3.7749;3.7347;0.0199;0.532;0.0000;07/12/2015 00:00:00;
3.7360;3.7390;3.7801;3.7254;-0.0098;-0.261;0.0000;04/12/2015 00:00:00;
3.7481;3.7488;3.8298;3.7376;-0.0867;-2.260;0.0000;03/12/2015 00:00:00;
3.8325;3.8355;3.8688;3.8325;-0.0194;-0.503;0.0000;02/12/2015 00:00:00;
3.8540;3.8549;3.8985;3.8320;-0.0316;-0.813;0.0000;01/12/2015 00:00:00;
3.8858;3.8865;3.9179;3.8399;0.0631;1.650;0.0000;30/11/2015 00:00:00;
3.8232;3.8234;3.8232;3.7251;0.0769;2.053;0.0000;27/11/2015 00:00:00;
3.7447;3.7465;3.7662;3.7341;-0.0041;-0.109;0.0000;26/11/2015 00:00:00;
3.7494;3.7506;3.8014;3.7331;0.0466;1.258;0.0000;25/11/2015 00:00:00;
3.7015;3.7040;3.7368;3.6933;-0.0313;-0.838;0.0000;24/11/2015 00:00:00;
3.7328;3.7353;3.7332;3.7100;0.0383;1.036;0.0000;23/11/2015 00:00:00;
3.6960;3.6970;3.7181;3.6920;-0.0320;-0.858;0.0000;20/11/2015 00:00:00;
3.7265;3.7290;3.7581;3.7228;-0.0610;-1.609;0.0000;19/11/2015 00:00:00;
3.7893;3.7900;3.8084;3.7731;-0.0270;-0.707;0.0000;18/11/2015 00:00:00;
3.8145;3.8170;3.8235;3.7867;-0.0015;-0.039;0.0000;17/11/2015 00:00:00;
3.8160;3.8185;3.8490;3.8143;-0.0146;-0.381;0.0000;16/11/2015 00:00:00;
3.8324;3.8331;3.8324;3.7755;0.0659;1.749;0.0000;13/11/2015 00:00:00;
3.7647;3.7672;3.8211;3.7625;-0.0023;-0.061;0.0000;12/11/2015 00:00:00;
3.7670;3.7695;3.7825;3.7113;-0.0220;-0.580;0.0000;11/11/2015 00:00:00;
3.7908;3.7915;3.8185;3.7856;-0.0082;-0.216;0.0000;10/11/2015 00:00:00;
3.7990;3.7997;3.8019;3.7834;0.0372;0.989;0.0000;09/11/2015 00:00:00;
3.7613;3.7625;3.8377;3.7613;-0.0140;-0.371;0.0000;06/11/2015 00:00:00;
3.7735;3.7765;3.8029;3.7674;-0.0202;-0.532;0.0000;05/11/2015 00:00:00;
3.7960;3.7967;3.8065;3.7490;0.0262;0.695;0.0000;04/11/2015 00:00:00;
3.7675;3.7705;3.8530;3.7415;-0.0923;-2.389;0.0000;03/11/2015 00:00:00;
3.8618;3.8628;3.8822;3.8344;0.0087;0.226;0.0000;30/10/2015 00:00:00;
3.8536;3.8541;3.9536;3.8536;-0.0660;-1.684;0.0000;29/10/2015 00:00:00;
3.9188;3.9201;3.9316;3.8603;0.0232;0.595;0.0000;28/10/2015 00:00:00;
3.8964;3.8969;3.9300;3.8896;-0.0198;-0.506;0.0000;27/10/2015 00:00:00;
3.9160;3.9167;3.9160;3.8334;0.0261;0.671;0.0000;26/10/2015 00:00:00;
3.8895;3.8906;3.9264;3.8765;-0.0169;-0.433;0.0000;23/10/2015 00:00:00;
3.9045;3.9075;3.9580;3.9045;-0.0355;-0.900;0.0000;22/10/2015 00:00:00;
3.9418;3.9430;3.9599;3.9199;0.0402;1.030;0.0000;21/10/2015 00:00:00;
3.9016;3.9028;3.9069;3.8510;0.0260;0.671;0.0000;20/10/2015 00:00:00;
3.8756;3.8768;3.9174;3.8702;0.0033;0.085;0.0000;19/10/2015 00:00:00;
3.8728;3.8735;3.8728;3.8000;0.0730;1.921;0.0000;16/10/2015 00:00:00;
3.7998;3.8005;3.8648;3.7898;-0.0121;-0.317;0.0000;15/10/2015 00:00:00;
3.8119;3.8126;3.8786;3.8119;-0.0809;-2.078;0.0000;14/10/2015 00:00:00;
3.8905;3.8935;3.8905;3.8266;0.1347;3.584;0.0000;13/10/2015 00:00:00;
3.7581;3.7588;3.7635;3.7259;-0.0343;-0.904;0.0000;09/10/2015 00:00:00;
3.7904;3.7931;3.8845;3.7904;-0.0840;-2.167;0.0000;08/10/2015 00:00:00;
3.8766;3.8771;3.8793;3.7901;0.0342;0.890;0.0000;07/10/2015 00:00:00;
3.8419;3.8429;3.9364;3.8345;-0.0579;-1.484;0.0000;06/10/2015 00:00:00;
3.8988;3.9008;3.9448;3.8925;-0.0449;-1.138;0.0000;05/10/2015 00:00:00;
3.9450;3.9457;4.0396;3.9405;-0.0567;-1.417;0.0000;02/10/2015 00:00:00;
4.0012;4.0024;4.0141;3.9461;0.0369;0.931;0.0000;01/10/2015 00:00:00;
3.9645;3.9655;4.0670;3.9394;-0.0936;-2.306;0.0000;30/09/2015 00:00:00;
4.0576;4.0591;4.1444;4.0266;-0.0504;-1.226;0.0000;29/09/2015 00:00:00;
4.1075;4.1095;4.1075;3.9917;0.1338;3.365;0.0000;28/09/2015 00:00:00;
3.9739;3.9757;4.0064;3.8900;-0.0157;-0.393;0.0000;25/09/2015 00:00:00;
3.9901;3.9914;4.2472;3.9901;-0.1547;-3.731;0.0000;24/09/2015 00:00:00;
4.1454;4.1461;4.1454;4.0167;0.0923;2.277;0.0000;23/09/2015 00:00:00;
4.0513;4.0538;4.0605;4.0143;0.0729;1.831;0.0000;22/09/2015 00:00:00;
3.9795;3.9809;3.9969;3.9473;0.0227;0.573;0.0000;21/09/2015 00:00:00;
3.9575;3.9582;3.9575;3.8695;0.0760;1.958;0.0000;18/09/2015 00:00:00;
3.8815;3.8822;3.9045;3.8361;0.0481;1.255;0.0000;17/09/2015 00:00:00;
3.8330;3.8341;3.8560;3.8196;-0.0285;-0.738;0.0000;16/09/2015 00:00:00;
3.8601;3.8626;3.8819;3.8371;0.0488;1.280;0.0000;15/09/2015 00:00:00;
3.8117;3.8138;3.8891;3.8075;-0.0633;-1.633;0.0000;14/09/2015 00:00:00;
3.8752;3.8771;3.8876;3.8254;0.0267;0.693;0.0000;11/09/2015 00:00:00;
3.8497;3.8504;3.8991;3.8346;0.0510;1.342;0.0000;10/09/2015 00:00:00;
3.7987;3.7994;3.8187;3.7679;-0.0196;-0.513;0.0000;09/09/2015 00:00:00;
3.8170;3.8190;3.8181;3.7825;-0.0415;-1.075;0.0000;08/09/2015 00:00:00;
3.8580;3.8605;3.8580;3.7723;0.1007;2.678;0.0000;04/09/2015 00:00:00;
3.7583;3.7598;3.8128;3.7371;0.0000;0.000;0.0000;03/09/2015 00:00:00;
3.7591;3.7598;3.7701;3.6988;0.0718;1.947;0.0000;02/09/2015 00:00:00;
3.6875;3.6880;3.6990;3.6419;0.0609;1.679;0.0000;01/09/2015 00:00:00;
3.6260;3.6271;3.6800;3.6175;0.0418;1.166;0.0000;31/08/2015 00:00:00;
3.5833;3.5853;3.5963;3.5518;0.0325;0.915;0.0000;28/08/2015 00:00:00;
3.5521;3.5528;3.5902;3.5418;-0.0486;-1.349;0.0000;27/08/2015 00:00:00;
3.5992;3.6014;3.6525;3.5915;-0.0070;-0.194;0.0000;26/08/2015 00:00:00;
3.6072;3.6084;3.6072;3.5217;0.0559;1.574;0.0000;25/08/2015 00:00:00;
3.5505;3.5525;3.5625;3.5290;0.0565;1.616;0.0000;24/08/2015 00:00:00;
3.4955;3.4960;3.5035;3.4545;0.0364;1.052;0.0000;21/08/2015 00:00:00;
3.4584;3.4596;3.5114;3.4498;-0.0281;-0.806;0.0000;20/08/2015 00:00:00;
3.4858;3.4877;3.5111;3.4596;0.0217;0.626;0.0000;19/08/2015 00:00:00;
3.4641;3.4660;3.5007;3.4561;-0.0163;-0.468;0.0000;18/08/2015 00:00:00;
3.4813;3.4823;3.5027;3.4637;-0.0008;-0.023;0.0000;17/08/2015 00:00:00;
3.4824;3.4831;3.5055;3.4607;-0.0306;-0.871;0.0000;14/08/2015 00:00:00;
3.5130;3.5137;3.5235;3.4855;0.0393;1.131;0.0000;13/08/2015 00:00:00;
3.4739;3.4744;3.5031;3.4544;-0.0234;-0.669;0.0000;12/08/2015 00:00:00;
3.4963;3.4978;3.5118;3.4628;0.0549;1.595;0.0000;11/08/2015 00:00:00;
3.4424;3.4429;3.5163;3.4424;-0.0652;-1.859;0.0000;10/08/2015 00:00:00;
3.5076;3.5081;3.5534;3.4960;-0.0293;-0.828;0.0000;07/08/2015 00:00:00;
3.5354;3.5374;3.5676;3.4880;0.0484;1.387;0.0000;06/08/2015 00:00:00;
3.4885;3.4890;3.4961;3.4549;0.0248;0.716;0.0000;05/08/2015 00:00:00;
3.4622;3.4642;3.4867;3.4336;0.0097;0.281;0.0000;04/08/2015 00:00:00;
3.4525;3.4545;3.4571;3.4215;0.0298;0.870;0.0000;03/08/2015 00:00:00;
3.4242;3.4247;3.4268;3.3416;0.0537;1.593;0.0000;31/07/2015 00:00:00;
3.3700;3.3710;3.3802;3.3510;0.0417;1.253;0.0000;30/07/2015 00:00:00;
3.3281;3.3293;3.3681;3.3191;-0.0397;-1.178;0.0000;29/07/2015 00:00:00;
3.3685;3.3690;3.4270;3.3461;0.0050;0.149;0.0000;28/07/2015 00:00:00;
3.3620;3.3640;3.3775;3.3475;0.0170;0.508;0.0000;27/07/2015 00:00:00;
3.3453;3.3470;3.3537;3.2896;0.0512;1.553;0.0000;24/07/2015 00:00:00;
3.2951;3.2958;3.2966;3.2225;0.0701;2.173;0.0000;23/07/2015 00:00:00;
3.2250;3.2257;3.2325;3.1690;0.0525;1.654;0.0000;22/07/2015 00:00:00;
3.1725;3.1732;3.1990;3.1659;-0.0274;-0.856;0.0000;21/07/2015 00:00:00;
3.1999;3.2006;3.2223;3.1904;0.0067;0.210;0.0000;20/07/2015 00:00:00;
3.1923;3.1939;3.2006;3.1580;0.0357;1.130;0.0000;17/07/2015 00:00:00;
3.1575;3.1582;3.1593;3.1283;0.0222;0.708;0.0000;16/07/2015 00:00:00;
3.1340;3.1360;3.1621;3.1331;-0.0025;-0.080;0.0000;15/07/2015 00:00:00;
3.1370;3.1385;3.1390;3.1162;0.0077;0.246;0.0000;14/07/2015 00:00:00;
3.1303;3.1308;3.1766;3.1303;-0.0304;-0.962;0.0000;13/07/2015 00:00:00;
3.1597;3.1612;3.2369;3.1597;-0.0726;-2.245;0.0000;10/07/2015 00:00:00;
3.2333;3.2338;3.2359;3.1931;0.0513;1.612;0.0000;08/07/2015 00:00:00;
3.1809;3.1825;3.1995;3.1595;0.0404;1.286;0.0000;07/07/2015 00:00:00;
3.1404;3.1421;3.1501;3.1338;0.0028;0.089;0.0000;06/07/2015 00:00:00;
3.1386;3.1393;3.1397;3.1153;0.0433;1.399;0.0000;03/07/2015 00:00:00;
3.0950;3.0960;3.1514;3.0950;-0.0490;-1.558;0.0000;02/07/2015 00:00:00;
3.1443;3.1450;3.1443;3.0980;0.0361;1.161;0.0000;01/07/2015 00:00:00;
3.1082;3.1089;3.1264;3.0898;-0.0106;-0.340;0.0000;30/06/2015 00:00:00;
3.1175;3.1195;3.1487;3.1076;-0.0087;-0.278;0.0000;29/06/2015 00:00:00;
3.1260;3.1282;3.1385;3.1189;0.0001;0.003;0.0000;26/06/2015 00:00:00;
3.1269;3.1281;3.1269;3.0835;0.0267;0.861;0.0000;25/06/2015 00:00:00;
3.1009;3.1014;3.1019;3.0738;0.0235;0.764;0.0000;24/06/2015 00:00:00;
3.0767;3.0779;3.1102;3.0767;-0.0037;-0.120;0.0000;23/06/2015 00:00:00;
3.0799;3.0816;3.1000;3.0680;-0.0205;-0.661;0.0000;22/06/2015 00:00:00;
3.1004;3.1021;3.1005;3.0550;0.0433;1.416;0.0000;19/06/2015 00:00:00;
3.0581;3.0588;3.0610;3.0390;0.0009;0.029;0.0000;18/06/2015 00:00:00;
3.0561;3.0579;3.1029;3.0561;-0.0374;-1.208;0.0000;17/06/2015 00:00:00;
3.0946;3.0953;3.1343;3.0882;-0.0320;-1.023;0.0000;16/06/2015 00:00:00;
3.1266;3.1273;3.1384;3.0953;0.0092;0.295;0.0000;15/06/2015 00:00:00;
3.1164;3.1181;3.1256;3.0975;0.0121;0.390;0.0000;12/06/2015 00:00:00;
3.1053;3.1060;3.1686;3.1038;-0.0087;-0.279;0.0000;11/06/2015 00:00:00;
3.1140;3.1147;3.1158;3.0665;0.0137;0.442;0.0000;10/06/2015 00:00:00;
3.0998;3.1010;3.1120;3.0913;-0.0089;-0.286;0.0000;09/06/2015 00:00:00;
3.1079;3.1099;3.1394;3.1079;-0.0407;-1.292;0.0000;08/06/2015 00:00:00;
3.1499;3.1506;3.1836;3.1099;0.0159;0.507;0.0000;05/06/2015 00:00:00;
3.1326;3.1347;3.1408;3.1043;0.0001;0.003;0.0000;03/06/2015 00:00:00;
3.1339;3.1346;3.1566;3.1281;-0.0397;-1.251;0.0000;02/06/2015 00:00:00;
3.1723;3.1743;3.2085;3.1658;-0.0130;-0.408;0.0000;01/06/2015 00:00:00;
3.1868;3.1873;3.1927;3.1453;0.0235;0.743;0.0000;29/05/2015 00:00:00;
3.1618;3.1638;3.1837;3.1529;0.0186;0.591;0.0000;28/05/2015 00:00:00;
3.1440;3.1452;3.1840;3.1436;-0.0048;-0.152;0.0000;27/05/2015 00:00:00;
3.1480;3.1500;3.1530;3.1187;0.0521;1.682;0.0000;26/05/2015 00:00:00;
3.0959;3.0979;3.1279;3.0958;0.0028;0.090;0.0000;25/05/2015 00:00:00;
3.0944;3.0951;3.0944;3.0218;0.0525;1.725;0.0000;22/05/2015 00:00:00;
3.0421;3.0426;3.0431;3.0050;0.0391;1.302;0.0000;21/05/2015 00:00:00;
3.0030;3.0035;3.0388;3.0023;-0.0377;-1.240;0.0000;20/05/2015 00:00:00;
3.0407;3.0412;3.0407;3.0029;0.0228;0.755;0.0000;19/05/2015 00:00:00;
3.0177;3.0184;3.0279;3.0026;0.0203;0.677;0.0000;18/05/2015 00:00:00;
2.9956;2.9981;3.0129;2.9729;0.0054;0.180;0.0000;15/05/2015 00:00:00;
2.9914;2.9927;3.0274;2.9914;-0.0458;-1.507;0.0000;14/05/2015 00:00:00;
3.0365;3.0385;3.0422;2.9868;0.0190;0.629;0.0000;13/05/2015 00:00:00;
3.0186;3.0195;3.0737;3.0136;-0.0330;-1.081;0.0000;12/05/2015 00:00:00;
3.0520;3.0525;3.0547;2.9887;0.0690;2.313;0.0000;11/05/2015 00:00:00;
2.9810;2.9835;3.0335;2.9771;-0.0440;-1.453;0.0000;08/05/2015 00:00:00;
3.0245;3.0275;3.0604;3.0195;-0.0191;-0.627;0.0000;07/05/2015 00:00:00;
3.0454;3.0466;3.0660;3.0230;-0.0221;-0.720;0.0000;06/05/2015 00:00:00;
3.0682;3.0687;3.0905;3.0480;-0.0120;-0.390;0.0000;05/05/2015 00:00:00;
3.0800;3.0807;3.0908;3.0625;0.0676;2.244;0.0000;04/05/2015 00:00:00;
3.0120;3.0131;3.0177;2.9548;0.0557;1.883;0.0000;30/04/2015 00:00:00;
2.9566;2.9574;2.9622;2.9193;0.0152;0.517;0.0000;29/04/2015 00:00:00;
2.9415;2.9422;2.9415;2.8857;0.0205;0.702;0.0000;28/04/2015 00:00:00;
2.9205;2.9217;2.9550;2.9021;-0.0333;-1.127;0.0000;27/04/2015 00:00:00;
2.9525;2.9550;2.9845;2.9525;-0.0266;-0.892;0.0000;24/04/2015 00:00:00;
2.9791;2.9816;3.0291;2.9741;-0.0267;-0.888;0.0000;23/04/2015 00:00:00;
3.0068;3.0083;3.0995;2.9967;-0.0190;-0.628;0.0000;22/04/2015 00:00:00;
3.0248;3.0273;3.0523;3.0241;-0.0141;-0.464;0.0000;20/04/2015 00:00:00;
3.0407;3.0414;3.0673;3.0083;0.0247;0.819;0.0000;17/04/2015 00:00:00;
3.0149;3.0167;3.0388;3.0018;-0.0176;-0.580;0.0000;16/04/2015 00:00:00;
3.0338;3.0343;3.0909;3.0338;-0.0287;-0.937;0.0000;15/04/2015 00:00:00;
3.0623;3.0630;3.1210;3.0558;-0.0615;-1.968;0.0000;14/04/2015 00:00:00;
3.1230;3.1245;3.1238;3.0857;0.0534;1.739;0.0000;13/04/2015 00:00:00;
3.0704;3.0711;3.0915;3.0611;0.0005;0.016;0.0000;10/04/2015 00:00:00;
3.0685;3.0706;3.0908;3.0258;0.0143;0.468;0.0000;09/04/2015 00:00:00;
3.0548;3.0563;3.1290;3.0527;-0.0778;-2.482;0.0000;08/04/2015 00:00:00;
3.1336;3.1341;3.1419;3.1110;0.0118;0.378;0.0000;07/04/2015 00:00:00;
3.1214;3.1223;3.1239;3.0857;-0.0069;-0.221;0.0000;06/04/2015 00:00:00;
3.1276;3.1292;3.1739;3.1202;-0.0433;-1.365;0.0000;02/04/2015 00:00:00;
3.1718;3.1725;3.1874;3.1430;-0.0184;-0.577;0.0000;01/04/2015 00:00:00;
3.1897;3.1909;3.2600;3.1775;-0.0408;-1.262;0.0000;31/03/2015 00:00:00;
3.2310;3.2317;3.2827;3.2095;-0.0088;-0.272;0.0000;30/03/2015 00:00:00;
3.2383;3.2405;3.2410;3.2012;0.0496;1.554;0.0000;27/03/2015 00:00:00;
3.1884;3.1909;3.2121;3.1768;-0.0125;-0.390;0.0000;26/03/2015 00:00:00;
3.2004;3.2034;3.2004;3.1224;0.0759;2.427;0.0000;25/03/2015 00:00:00;
3.1250;3.1275;3.1659;3.1034;-0.0178;-0.566;0.0000;24/03/2015 00:00:00;
3.1423;3.1453;3.2295;3.1423;-0.0849;-2.628;0.0000;23/03/2015 00:00:00;
3.2279;3.2302;3.3062;3.2073;-0.0663;-2.011;0.0000;20/03/2015 00:00:00;
3.2935;3.2965;3.3055;3.2110;0.0824;2.564;0.0000;19/03/2015 00:00:00;
3.2128;3.2141;3.2747;3.2083;-0.0169;-0.523;0.0000;18/03/2015 00:00:00;
3.2290;3.2310;3.2812;3.2290;-0.0135;-0.416;0.0000;17/03/2015 00:00:00;
3.2438;3.2445;3.2477;3.2089;-0.0045;-0.139;0.0000;16/03/2015 00:00:00;
3.2460;3.2490;3.2685;3.1905;0.0875;2.768;0.0000;13/03/2015 00:00:00;
3.1590;3.1615;3.1608;3.0854;0.0337;1.077;0.0000;12/03/2015 00:00:00;
3.1266;3.1278;3.1355;3.0870;0.0238;0.767;0.0000;11/03/2015 00:00:00;
3.1015;3.1040;3.1607;3.0918;-0.0257;-0.821;0.0000;10/03/2015 00:00:00;
3.1285;3.1297;3.1285;3.0808;0.0732;2.395;0.0000;09/03/2015 00:00:00;
3.0550;3.0565;3.0662;2.9907;0.0450;1.494;0.0000;06/03/2015 00:00:00;
3.0100;3.0115;3.0176;2.9790;0.0308;1.033;0.0000;05/03/2015 00:00:00;
2.9787;2.9807;2.9960;2.9313;0.0527;1.800;0.0000;04/03/2015 00:00:00;
2.9260;2.9280;2.9260;2.8922;0.0329;1.136;0.0000;03/03/2015 00:00:00;
2.8942;2.8951;2.8942;2.8555;0.0391;1.369;0.0000;02/03/2015 00:00:00;
2.8545;2.8560;2.9168;2.8499;-0.0292;-1.012;0.0000;27/02/2015 00:00:00;
2.8845;2.8852;2.8909;2.8437;0.0171;0.596;0.0000;26/02/2015 00:00:00;
2.8666;2.8681;2.8832;2.8412;0.0347;1.225;0.0000;25/02/2015 00:00:00;
2.8327;2.8334;2.8822;2.8311;-0.0458;-1.591;0.0000;24/02/2015 00:00:00;
2.8782;2.8792;2.8998;2.8638;0.0004;0.014;0.0000;23/02/2015 00:00:00;
2.8773;2.8788;2.8828;2.8567;0.0131;0.457;0.0000;20/02/2015 00:00:00;
2.8647;2.8657;2.8672;2.8395;0.0235;0.827;0.0000;19/02/2015 00:00:00;
2.8410;2.8422;2.8470;2.8330;0.0109;0.385;0.0000;18/02/2015 00:00:00;
2.8298;2.8313;2.8544;2.8169;0.0104;0.369;0.0000;13/02/2015 00:00:00;
2.8194;2.8209;2.8767;2.8194;-0.0533;-1.854;0.0000;12/02/2015 00:00:00;
2.8727;2.8742;2.8791;2.8480;0.0378;1.333;0.0000;11/02/2015 00:00:00;
2.8349;2.8364;2.8349;2.7879;0.0590;2.124;0.0000;10/02/2015 00:00:00;
2.7767;2.7774;2.7917;2.7753;-0.0008;-0.029;0.0000;09/02/2015 00:00:00;
2.7767;2.7782;2.7802;2.7497;0.0367;1.339;0.0000;06/02/2015 00:00:00;
2.7400;2.7415;2.7588;2.7255;-0.0005;-0.018;0.0000;05/02/2015 00:00:00;
2.7405;2.7420;2.7470;2.6958;0.0480;1.782;0.0000;04/02/2015 00:00:00;
2.6925;2.6940;2.7167;2.6906;-0.0212;-0.781;0.0000;03/02/2015 00:00:00;
2.7142;2.7152;2.7169;2.6670;0.0258;0.959;0.0000;02/02/2015 00:00:00;
2.6886;2.6894;2.6895;2.6397;0.0773;2.959;0.0000;30/01/2015 00:00:00;
2.6113;2.6121;2.6140;2.5899;0.0352;1.366;0.0000;29/01/2015 00:00:00;
2.5750;2.5769;2.5895;2.5707;0.0063;0.245;0.0000;28/01/2015 00:00:00;
2.5691;2.5706;2.5964;2.5676;-0.0199;-0.768;0.0000;27/01/2015 00:00:00;
2.5888;2.5905;2.6043;2.5820;0.0016;0.062;0.0000;26/01/2015 00:00:00;
2.5880;2.5889;2.5974;2.5705;0.0144;0.559;0.0000;23/01/2015 00:00:00;
2.5730;2.5745;2.5882;2.5554;-0.0321;-1.231;0.0000;22/01/2015 00:00:00;
2.6061;2.6066;2.6097;2.5872;-0.0084;-0.321;0.0000;21/01/2015 00:00:00;
2.6130;2.6150;2.6517;2.6073;-0.0410;-1.544;0.0000;20/01/2015 00:00:00;
2.6545;2.6560;2.6545;2.6199;0.0348;1.328;0.0000;19/01/2015 00:00:00;
2.6203;2.6212;2.6316;2.6160;-0.0210;-0.795;0.0000;16/01/2015 00:00:00;
2.6415;2.6422;2.6415;2.5985;0.0209;0.797;0.0000;15/01/2015 00:00:00;
2.6206;2.6213;2.6481;2.6074;-0.0156;-0.592;0.0000;14/01/2015 00:00:00;
2.6360;2.6369;2.6797;2.6276;-0.0313;-1.173;0.0000;13/01/2015 00:00:00;
2.6652;2.6682;2.6731;2.6337;0.0292;1.106;0.0000;12/01/2015 00:00:00;
2.6375;2.6390;2.6719;2.6320;-0.0334;-1.250;0.0000;09/01/2015 00:00:00;
2.6714;2.6724;2.7004;2.6635;-0.0311;-1.150;0.0000;08/01/2015 00:00:00;
2.7022;2.7035;2.7050;2.6753;0.0016;0.059;0.0000;07/01/2015 00:00:00;
2.7010;2.7019;2.7219;2.6927;-0.0068;-0.251;0.0000;06/01/2015 00:00:00;
2.7080;2.7087;2.7285;2.7042;0.0162;0.602;0.0000;05/01/2015 00:00:00;
2.6914;2.6925;2.7065;2.6766;0.0338;1.271;0.0000;02/01/2015 00:00:00;
2.6575;2.6587;2.7002;2.6469;-0.0484;-1.788;0.0000;30/12/2014 00:00:00;
2.7058;2.7071;2.7059;2.6699;0.0330;1.234;0.0000;29/12/2014 00:00:00;
2.6723;2.6741;2.6962;2.6723;-0.0224;-0.831;0.0000;26/12/2014 00:00:00;
2.6950;2.6965;2.6950;2.6930;-0.0080;-0.296;0.0000;24/12/2014 00:00:00;
2.7027;2.7045;2.7076;2.6553;0.0437;1.642;0.0000;23/12/2014 00:00:00;
2.6601;2.6608;2.6627;2.6455;0.0034;0.128;0.0000;22/12/2014 00:00:00;
2.6566;2.6574;2.6663;2.6440;0.0024;0.090;0.0000;19/12/2014 00:00:00;
2.6531;2.6550;2.6872;2.6450;-0.0468;-1.732;0.0000;18/12/2014 00:00:00;
2.7011;2.7018;2.7483;2.6907;-0.0337;-1.232;0.0000;17/12/2014 00:00:00;
2.7342;2.7355;2.7555;2.6940;0.0502;1.869;0.0000;16/12/2014 00:00:00;
2.6846;2.6853;2.6948;2.6535;0.0341;1.286;0.0000;15/12/2014 00:00:00;
2.6492;2.6512;2.6747;2.6482;0.0036;0.136;0.0000;12/12/2014 00:00:00;
2.6459;2.6476;2.6498;2.6153;0.0351;1.344;0.0000;11/12/2014 00:00:00;
2.6105;2.6125;2.6159;2.5880;0.0144;0.554;0.0000;10/12/2014 00:00:00;
2.5976;2.5981;2.6116;2.5881;-0.0134;-0.513;0.0000;09/12/2014 00:00:00;
2.6100;2.6115;2.6157;2.5870;0.0182;0.702;0.0000;08/12/2014 00:00:00;
2.5918;2.5933;2.6060;2.5772;0.0035;0.135;0.0000;05/12/2014 00:00:00;
2.5891;2.5898;2.5898;2.5645;0.0331;1.295;0.0000;04/12/2014 00:00:00;
2.5554;2.5567;2.5842;2.5495;-0.0190;-0.738;0.0000;03/12/2014 00:00:00;
2.5737;2.5757;2.5782;2.5589;0.0171;0.668;0.0000;02/12/2014 00:00:00;
2.5579;2.5586;2.5778;2.5465;-0.0130;-0.506;0.0000;01/12/2014 00:00:00;
2.5701;2.5716;2.5792;2.5426;0.0421;1.664;0.0000;28/11/2014 00:00:00;
2.5280;2.5295;2.5280;2.4991;0.0225;0.897;0.0000;27/11/2014 00:00:00;
2.5063;2.5070;2.5310;2.4951;-0.0297;-1.171;0.0000;26/11/2014 00:00:00;
2.5361;2.5367;2.5430;2.5195;-0.0121;-0.475;0.0000;25/11/2014 00:00:00;
2.5473;2.5488;2.5510;2.5078;0.0272;1.079;0.0000;24/11/2014 00:00:00;
2.5196;2.5216;2.5531;2.5132;-0.0527;-2.047;0.0000;21/11/2014 00:00:00;
2.5718;2.5743;2.5718;2.5700;-0.0014;-0.054;0.0000;20/11/2014 00:00:00;
2.5745;2.5757;2.5969;2.5744;-0.0146;-0.564;0.0000;19/11/2014 00:00:00;
2.5891;2.5903;2.6025;2.5875;-0.0110;-0.423;0.0000;18/11/2014 00:00:00;
2.6007;2.6013;2.6170;2.5809;0.0006;0.023;0.0000;17/11/2014 00:00:00;
2.5978;2.6007;2.6274;2.5942;0.0059;0.227;0.0000;14/11/2014 00:00:00;
2.5930;2.5948;2.6015;2.5624;0.0307;1.197;0.0000;13/11/2014 00:00:00;
2.5628;2.5641;2.5649;2.5365;0.0064;0.250;0.0000;12/11/2014 00:00:00;
2.5572;2.5577;2.5692;2.5546;0.0084;0.330;0.0000;11/11/2014 00:00:00;
2.5487;2.5493;2.5545;2.5330;-0.0141;-0.550;0.0000;10/11/2014 00:00:00;
2.5628;2.5634;2.5827;2.5510;0.0027;0.105;0.0000;07/11/2014 00:00:00;
2.5592;2.5607;2.5592;2.5040;0.0458;1.821;0.0000;06/11/2014 00:00:00;
2.5134;2.5149;2.5239;2.5069;0.0095;0.379;0.0000;05/11/2014 00:00:00;
2.5049;2.5054;2.5290;2.4990;0.0049;0.196;0.0000;04/11/2014 00:00:00;
2.4987;2.5005;2.5070;2.4604;0.0218;0.879;0.0000;03/11/2014 00:00:00;
2.4772;2.4787;2.4772;2.4029;0.0708;2.940;0.0000;31/10/2014 00:00:00;
2.4064;2.4079;2.4255;2.3941;-0.0605;-2.451;0.0000;30/10/2014 00:00:00;
2.4664;2.4684;2.4667;2.4272;-0.0056;-0.226;0.0000;29/10/2014 00:00:00;
2.4715;2.4740;2.5040;2.4705;-0.0489;-1.938;0.0000;28/10/2014 00:00:00;
2.5223;2.5229;2.5529;2.5153;0.0659;2.682;0.0000;27/10/2014 00:00:00;
2.4565;2.4570;2.4974;2.4530;-0.0567;-2.256;0.0000;24/10/2014 00:00:00;
2.5130;2.5137;2.5135;2.4877;0.0335;1.351;0.0000;23/10/2014 00:00:00;
2.4789;2.4802;2.4909;2.4695;0.0036;0.145;0.0000;22/10/2014 00:00:00;
2.4759;2.4766;2.4955;2.4632;0.0129;0.524;0.0000;21/10/2014 00:00:00;
2.4632;2.4637;2.4632;2.4498;0.0312;1.283;0.0000;20/10/2014 00:00:00;
2.4318;2.4325;2.4614;2.4294;-0.0320;-1.298;0.0000;17/10/2014 00:00:00;
2.4630;2.4645;2.4942;2.4575;0.0070;0.285;0.0000;16/10/2014 00:00:00;
2.4570;2.4575;2.4570;2.4118;0.0570;2.375;0.0000;15/10/2014 00:00:00;
2.3990;2.4005;2.4036;2.3934;0.0078;0.326;0.0000;14/10/2014 00:00:00;
2.3917;2.3927;2.3960;2.3807;-0.0309;-1.275;0.0000;13/10/2014 00:00:00;
2.4226;2.4236;2.4229;2.4030;0.0257;1.072;0.0000;10/10/2014 00:00:00;
2.3967;2.3979;2.4015;2.3645;0.0119;0.499;0.0000;09/10/2014 00:00:00;
2.3835;2.3860;2.4287;2.3765;-0.0163;-0.679;0.0000;08/10/2014 00:00:00;
2.4013;2.4023;2.4205;2.3901;-0.0243;-1.001;0.0000;07/10/2014 00:00:00;
2.4259;2.4266;2.4309;2.3840;-0.0352;-1.430;0.0000;06/10/2014 00:00:00;
2.4613;2.4618;2.5038;2.4613;-0.0300;-1.204;0.0000;03/10/2014 00:00:00;
2.4908;2.4918;2.4940;2.4693;0.0070;0.282;0.0000;02/10/2014 00:00:00;
2.4843;2.4848;2.4871;2.4511;0.0368;1.503;0.0000;01/10/2014 00:00:00;
2.4475;2.4480;2.4604;2.4450;-0.0077;-0.314;0.0000;30/09/2014 00:00:00;
2.4552;2.4557;2.4762;2.4447;0.0397;1.643;0.0000;29/09/2014 00:00:00;
2.4150;2.4160;2.4413;2.4103;-0.0139;-0.572;0.0000;26/09/2014 00:00:00;
2.4294;2.4299;2.4299;2.3999;0.0464;1.947;0.0000;25/09/2014 00:00:00;
2.3830;2.3835;2.4133;2.3830;-0.0235;-0.976;0.0000;24/09/2014 00:00:00;
2.4065;2.4070;2.4118;2.3886;0.0126;0.526;0.0000;23/09/2014 00:00:00;
2.3934;2.3944;2.3970;2.3842;0.0217;0.915;0.0000;22/09/2014 00:00:00;
2.3715;2.3727;2.3817;2.3537;0.0077;0.326;0.0000;19/09/2014 00:00:00;
2.3645;2.3650;2.3740;2.3585;0.0074;0.314;0.0000;18/09/2014 00:00:00;
2.3564;2.3576;2.3624;2.3284;0.0290;1.245;0.0000;17/09/2014 00:00:00;
2.3279;2.3286;2.3416;2.3195;-0.0153;-0.653;0.0000;16/09/2014 00:00:00;
2.3434;2.3439;2.3490;2.3310;0.0088;0.377;0.0000;15/09/2014 00:00:00;
2.3349;2.3351;2.3435;2.3037;0.0379;1.650;0.0000;12/09/2014 00:00:00;
2.2967;2.2972;2.2967;2.2834;0.0060;0.262;0.0000;11/09/2014 00:00:00;
2.2906;2.2912;2.2993;2.2873;0.0050;0.219;0.0000;10/09/2014 00:00:00;
2.2852;2.2862;2.2900;2.2745;0.0207;0.914;0.0000;09/09/2014 00:00:00;
2.2640;2.2655;2.2720;2.2434;0.0259;1.156;0.0000;08/09/2014 00:00:00;
2.2386;2.2396;2.2478;2.2370;-0.0038;-0.169;0.0000;05/09/2014 00:00:00;
2.2424;2.2434;2.2470;2.2306;0.0072;0.322;0.0000;04/09/2014 00:00:00;
2.2357;2.2362;2.2357;2.2302;-0.0043;-0.192;0.0000;03/09/2014 00:00:00;
2.2395;2.2405;2.2553;2.2395;-0.0043;-0.192;0.0000;02/09/2014 00:00:00;
2.2443;2.2448;2.2443;2.2330;0.0058;0.259;0.0000;01/09/2014 00:00:00;
2.2380;2.2390;2.2430;2.2340;-0.0003;-0.013;0.0000;29/08/2014 00:00:00;
2.2388;2.2393;2.2556;2.2368;-0.0063;-0.281;0.0000;28/08/2014 00:00:00;
2.2449;2.2456;2.2640;2.2449;-0.0186;-0.821;0.0000;27/08/2014 00:00:00;
2.2636;2.2642;2.2853;2.2636;-0.0263;-1.148;0.0000;26/08/2014 00:00:00;
2.2900;2.2905;2.2900;2.2759;0.0101;0.443;0.0000;25/08/2014 00:00:00;
2.2794;2.2804;2.2836;2.2723;0.0121;0.533;0.0000;22/08/2014 00:00:00;
2.2676;2.2683;2.2676;2.2531;0.0052;0.230;0.0000;21/08/2014 00:00:00;
2.2625;2.2631;2.2625;2.2495;0.0129;0.573;0.0000;20/08/2014 00:00:00;
2.2496;2.2502;2.2629;2.2471;-0.0084;-0.372;0.0000;19/08/2014 00:00:00;
2.2581;2.2586;2.2624;2.2543;-0.0054;-0.239;0.0000;18/08/2014 00:00:00;
2.2625;2.2640;2.2736;2.2586;-0.0055;-0.242;0.0000;15/08/2014 00:00:00;
2.2680;2.2695;2.2796;2.2656;-0.0092;-0.404;0.0000;14/08/2014 00:00:00;
2.2782;2.2787;2.2840;2.2643;0.0002;0.009;0.0000;13/08/2014 00:00:00;
2.2774;2.2785;2.2820;2.2733;0.0040;0.176;0.0000;12/08/2014 00:00:00;
2.2735;2.2745;2.2808;2.2712;-0.0124;-0.542;0.0000;11/08/2014 00:00:00;
2.2859;2.2869;2.3047;2.2815;-0.0090;-0.392;0.0000;08/08/2014 00:00:00;
2.2954;2.2959;2.2974;2.2731;0.0223;0.981;0.0000;07/08/2014 00:00:00;
2.2731;2.2736;2.2916;2.2713;-0.0091;-0.399;0.0000;06/08/2014 00:00:00;
2.2822;2.2827;2.2850;2.2665;0.0202;0.893;0.0000;05/08/2014 00:00:00;
2.2610;2.2625;2.2642;2.2496;0.0020;0.088;0.0000;04/08/2014 00:00:00;
2.2595;2.2605;2.2805;2.2514;-0.0094;-0.414;0.0000;01/08/2014 00:00:00;
2.2689;2.2699;2.2689;2.2520;0.0272;1.213;0.0000;31/07/2014 00:00:00;
2.2422;2.2427;2.2575;2.2336;0.0116;0.520;0.0000;30/07/2014 00:00:00;
2.2301;2.2311;2.2301;2.2240;0.0076;0.342;0.0000;29/07/2014 00:00:00;
2.2230;2.2235;2.2337;2.2220;-0.0040;-0.180;0.0000;28/07/2014 00:00:00;
2.2265;2.2275;2.2314;2.2245;0.0062;0.279;0.0000;25/07/2014 00:00:00;
2.2203;2.2213;2.2218;2.2165;0.0008;0.036;0.0000;24/07/2014 00:00:00;
2.2195;2.2205;2.2220;2.2150;0.0087;0.393;0.0000;23/07/2014 00:00:00;
2.2108;2.2118;2.2235;2.2080;-0.0121;-0.544;0.0000;22/07/2014 00:00:00;
2.2229;2.2239;2.2290;2.2189;-0.0044;-0.197;0.0000;21/07/2014 00:00:00;
2.2279;2.2283;2.2418;2.2268;-0.0305;-1.350;0.0000;18/07/2014 00:00:00;
2.2578;2.2588;2.2582;2.2299;0.0365;1.642;0.0000;17/07/2014 00:00:00;
2.2213;2.2223;2.2273;2.2140;0.0012;0.054;0.0000;16/07/2014 00:00:00;
2.2201;2.2211;2.2242;2.2111;0.0096;0.434;0.0000;15/07/2014 00:00:00;
2.2100;2.2115;2.2208;2.2100;-0.0100;-0.450;0.0000;14/07/2014 00:00:00;
2.2195;2.2215;2.2260;2.2185;-0.0009;-0.040;0.0000;11/07/2014 00:00:00;
2.2214;2.2224;2.2259;2.2119;0.0054;0.244;0.0000;10/07/2014 00:00:00;
2.2140;2.2170;2.2140;2.2140;0.0024;0.108;0.0000;09/07/2014 00:00:00;
2.2134;2.2146;2.2270;2.2085;-0.0094;-0.423;0.0000;08/07/2014 00:00:00;
2.2235;2.2240;2.2244;2.2139;0.0085;0.384;0.0000;07/07/2014 00:00:00;
2.2135;2.2155;2.2149;2.2115;0.0039;0.176;0.0000;04/07/2014 00:00:00;
2.2109;2.2116;2.2396;2.2109;-0.0127;-0.571;0.0000;03/07/2014 00:00:00;
2.2234;2.2243;2.2252;2.2040;0.0193;0.875;0.0000;02/07/2014 00:00:00;
2.2030;2.2050;2.2180;2.1998;-0.0050;-0.226;0.0000;01/07/2014 00:00:00;
2.2090;2.2100;2.2130;2.1955;0.0146;0.665;0.0000;30/06/2014 00:00:00;
2.1934;2.1954;2.2060;2.1930;-0.0009;-0.041;0.0000;27/06/2014 00:00:00;
2.1953;2.1963;2.2120;2.1953;-0.0097;-0.440;0.0000;26/06/2014 00:00:00;
2.2045;2.2060;2.2115;2.2010;-0.0207;-0.930;0.0000;25/06/2014 00:00:00;
2.2247;2.2267;2.2253;2.2125;0.0089;0.401;0.0000;24/06/2014 00:00:00;
2.2173;2.2178;2.2261;2.2158;-0.0135;-0.605;0.0000;23/06/2014 00:00:00;
2.2303;2.2313;2.2398;2.2295;0.0013;0.058;0.0000;20/06/2014 00:00:00;
2.2288;2.2300;2.2575;2.2277;-0.0270;-1.196;0.0000;18/06/2014 00:00:00;
2.2555;2.2570;2.2627;2.2315;0.0193;0.862;0.0000;17/06/2014 00:00:00;
2.2372;2.2377;2.2372;2.2270;0.0076;0.341;0.0000;16/06/2014 00:00:00;
2.2296;2.2301;2.2396;2.2265;-0.0029;-0.130;0.0000;13/06/2014 00:00:00;
2.2300;2.2330;2.2320;2.2290;-0.0010;-0.045;0.0000;12/06/2014 00:00:00;
2.2325;2.2340;2.2353;2.2266;0.0059;0.265;0.0000;11/06/2014 00:00:00;
2.2271;2.2281;2.2327;2.2221;-0.0029;-0.130;0.0000;10/06/2014 00:00:00;
2.2295;2.2310;2.2407;2.2247;-0.0186;-0.827;0.0000;09/06/2014 00:00:00;
2.2487;2.2496;2.2547;2.2395;-0.0112;-0.495;0.0000;06/06/2014 00:00:00;
2.2603;2.2608;2.2762;2.2603;-0.0228;-0.998;0.0000;05/06/2014 00:00:00;
2.2831;2.2836;2.2880;2.2686;0.0054;0.237;0.0000;04/06/2014 00:00:00;
2.2777;2.2782;2.2807;2.2575;0.0027;0.119;0.0000;03/06/2014 00:00:00;
2.2750;2.2755;2.2750;2.2465;0.0347;1.549;0.0000;02/06/2014 00:00:00;
2.2398;2.2408;2.2443;2.2260;0.0168;0.755;0.0000;30/05/2014 00:00:00;
2.2225;2.2240;2.2322;2.2165;-0.0115;-0.514;0.0000;29/05/2014 00:00:00;
2.2346;2.2355;2.2467;2.2324;-0.0052;-0.232;0.0000;28/05/2014 00:00:00;
2.2397;2.2407;2.2423;2.2290;0.0167;0.751;0.0000;27/05/2014 00:00:00;
2.2220;2.2240;2.2256;2.2178;0.0000;0.000;0.0000;26/05/2014 00:00:00;
2.2225;2.2240;2.2241;2.2145;0.0083;0.375;0.0000;23/05/2014 00:00:00;
2.2148;2.2157;2.2185;2.2040;0.0052;0.235;0.0000;22/05/2014 00:00:00;
2.2085;2.2105;2.2146;2.2075;-0.0065;-0.293;0.0000;21/05/2014 00:00:00;
2.2160;2.2170;2.2192;2.2102;0.0082;0.371;0.0000;20/05/2014 00:00:00;
